Age,Attrition,Department,Education,Gender,JobLevel,JobSatisfaction,MonthlyIncome,TotalWorkingYears,WorkLifeBalance,YearsAtCompany,YearsInCurrentRole,YearsWithCurrManager
41,Yes,Sales,2,Female,2,4,5993,8,1,6,4,5
49,No,Research & Development,1,Male,2,2,5130,10,3,10,7,7
37,Yes,Research & Development,2,Male,1,3,2090,7,3,0,0,0
33,No,Research & Development,4,Female,1,3,2909,8,3,8,7,0
27,No,Research & Development,1,Male,1,2,3468,6,3,2,2,2
32,No,Research & Development,2,Male,1,4,3068,8,2,7,7,6
59,No,Research & Development,3,Female,1,1,2670,12,2,1,0,0
30,No,Research & Development,1,Male,1,3,2693,1,3,1,0,0
38,No,Research & Development,3,Male,3,3,9526,10,3,9,7,8
36,No,Research & Development,3,Male,2,3,5237,17,2,7,7,7
35,No,Research & Development,3,Male,1,2,2426,6,3,5,4,3
29,No,Research & Development,2,Female,2,3,4193,10,3,9,5,8
31,No,Research & Development,1,Male,1,3,2911,5,2,5,2,3
34,No,Research & Development,2,Male,1,4,2661,3,3,2,2,2
28,Yes,Research & Development,3,Male,1,3,2028,6,3,4,2,3
29,No,Research & Development,4,Female,3,1,9980,10,3,10,9,8
32,No,Research & Development,2,Male,1,2,3298,7,2,6,2,5
22,No,Research & Development,2,Male,1,4,2935,1,2,1,0,0
53,No,Sales,4,Female,4,4,15427,31,3,25,8,7
38,No,Research & Development,3,Male,1,4,3944,6,3,3,2,2
24,No,Research & Development,2,Female,2,3,4011,5,2,4,2,3
36,Yes,Sales,4,Male,1,1,3407,10,3,5,3,3
34,No,Research & Development,4,Female,3,2,11994,13,3,12,6,11
21,No,Research & Development,2,Male,1,4,1232,0,3,0,0,0
34,Yes,Research & Development,1,Male,1,1,2960,8,3,4,2,3
53,No,Research & Development,3,Female,5,3,19094,26,2,14,13,8
32,Yes,Research & Development,1,Female,1,1,3919,10,3,10,2,7
42,No,Sales,4,Male,2,2,6825,10,3,9,7,2
44,No,Research & Development,4,Female,3,4,10248,24,3,22,6,17
46,No,Sales,4,Female,5,1,18947,22,2,2,2,1
33,No,Research & Development,3,Male,1,4,2496,7,3,1,1,0
44,No,Research & Development,4,Male,2,4,6465,9,4,4,2,3
30,No,Research & Development,2,Male,1,3,2206,10,3,10,0,8
39,Yes,Sales,3,Male,2,4,2086,19,4,1,0,0
24,Yes,Research & Development,3,Male,1,4,2293,6,2,2,0,0
43,No,Research & Development,2,Female,1,3,2645,6,2,5,3,4
50,Yes,Sales,2,Male,1,3,2683,3,3,3,2,2
35,No,Sales,3,Female,1,4,2014,2,3,2,2,2
36,No,Research & Development,4,Female,1,1,3419,6,4,1,1,0
33,No,Sales,3,Female,2,1,5376,10,3,5,3,3
35,No,Research & Development,2,Male,1,4,1951,1,3,1,0,0
27,No,Research & Development,4,Female,1,1,2341,1,3,1,0,0
26,Yes,Research & Development,3,Male,1,3,2293,1,2,1,0,1
27,No,Sales,3,Male,3,3,8726,9,3,9,8,7
30,No,Research & Development,2,Female,2,4,4011,12,3,12,8,7
41,Yes,Research & Development,3,Female,5,3,19545,23,3,22,15,8
34,No,Sales,4,Male,2,3,4568,10,3,9,5,7
37,No,Research & Development,2,Male,1,2,3022,8,3,1,0,0
46,No,Sales,4,Male,2,4,5772,14,3,9,6,8
35,No,Research & Development,1,Male,1,4,2269,1,3,1,0,1
48,Yes,Research & Development,2,Male,3,3,5381,23,3,1,0,0
28,Yes,Research & Development,4,Male,1,3,3441,2,2,2,2,2
44,No,Sales,5,Female,2,1,5454,9,2,4,3,3
35,No,Research & Development,2,Male,3,1,9884,10,3,4,0,3
26,No,Sales,3,Female,2,4,4157,5,2,2,2,0
33,No,Research & Development,2,Female,3,4,13458,15,3,15,14,12
35,No,Sales,5,Male,3,1,9069,9,2,9,8,8
35,No,Research & Development,4,Female,1,1,4014,4,3,2,2,2
31,No,Research & Development,4,Male,2,4,5915,10,2,7,7,7
37,No,Research & Development,4,Male,2,3,5993,7,4,7,5,7
32,No,Research & Development,3,Male,2,4,6162,9,3,9,8,8
38,No,Research & Development,5,Female,2,4,2406,10,3,10,3,9
50,No,Research & Development,2,Female,5,3,18740,29,2,27,3,8
59,No,Sales,3,Female,3,1,7637,28,2,21,16,9
36,No,Research & Development,3,Female,3,3,10096,17,3,17,14,8
55,No,Research & Development,3,Female,4,3,14756,21,3,5,0,2
36,No,Research & Development,3,Male,2,2,6499,6,3,6,5,3
45,No,Research & Development,3,Male,3,1,9724,25,3,1,0,0
35,No,Research & Development,3,Male,1,1,2194,5,2,3,2,2
36,Yes,Research & Development,3,Male,1,3,3388,2,2,1,0,0
59,No,Sales,1,Female,2,3,5473,20,2,4,3,3
29,No,Research & Development,3,Male,1,2,2703,6,3,5,4,4
31,No,Research & Development,4,Male,1,2,2501,1,3,1,1,0
32,No,Research & Development,3,Male,2,2,6220,10,3,10,4,9
36,No,Research & Development,3,Female,1,4,3038,5,3,1,0,0
31,No,Research & Development,4,Female,2,4,4424,11,3,11,7,8
35,No,Sales,4,Male,2,1,4312,16,3,15,13,8
45,No,Research & Development,4,Male,3,1,13245,17,4,0,0,0
37,No,Research & Development,4,Male,3,3,13664,16,4,5,2,2
46,No,Human Resources,2,Male,2,2,5021,16,3,4,2,2
30,No,Research & Development,1,Male,2,4,5126,10,2,10,8,0
35,No,Research & Development,3,Male,1,3,2859,6,3,6,4,4
55,No,Sales,2,Male,3,4,10239,24,3,1,0,0
38,No,Research & Development,3,Female,2,4,5329,17,3,13,11,9
34,No,Research & Development,2,Male,2,2,4325,5,3,5,2,3
56,No,Research & Development,3,Male,3,4,7260,37,2,6,4,2
23,No,Sales,1,Male,1,1,2322,3,3,0,0,0
51,No,Research & Development,4,Male,1,4,2075,10,3,4,2,3
30,No,Research & Development,3,Male,2,4,4152,11,3,11,10,8
46,Yes,Sales,2,Male,3,4,9619,9,3,9,8,7
40,No,Research & Development,4,Male,4,2,13503,22,2,22,3,11
51,No,Sales,4,Male,2,4,5441,11,1,10,7,0
30,No,Sales,2,Female,2,2,5209,11,2,11,8,7
46,No,Research & Development,3,Male,3,1,10673,21,2,10,9,5
32,No,Sales,4,Male,2,3,5010,12,3,11,8,7
54,No,Research & Development,4,Female,3,3,13549,16,1,4,3,3
24,No,Sales,2,Female,2,3,4999,4,2,3,2,2
28,No,Sales,3,Male,2,3,4221,5,4,5,4,4
58,No,Sales,4,Male,4,3,13872,38,2,37,10,8
44,No,Research & Development,3,Male,2,2,2042,17,4,3,2,2
37,Yes,Human Resources,4,Male,1,1,2073,7,3,3,2,2
32,No,Research & Development,1,Male,1,1,2956,1,3,1,0,0
20,Yes,Research & Development,3,Female,1,4,2926,1,3,1,0,0
34,No,Research & Development,4,Female,2,3,4809,16,3,16,13,10
37,No,Research & Development,2,Male,2,4,5163,17,4,1,0,0
59,No,Human Resources,4,Female,5,4,18844,30,3,3,2,2
50,No,Research & Development,3,Female,5,2,18172,28,2,8,3,7
25,Yes,Sales,3,Male,2,3,5744,6,3,6,4,3
25,No,Research & Development,1,Male,1,4,2889,2,3,2,2,1
22,No,Research & Development,3,Female,1,4,2871,1,3,0,0,0
51,No,Research & Development,4,Female,3,1,7484,23,2,13,12,8
34,Yes,Research & Development,3,Male,2,3,6074,9,3,9,7,6
54,No,Human Resources,3,Female,4,4,17328,23,3,5,3,4
24,No,Research & Development,1,Male,1,3,2774,6,3,5,3,2
34,No,Research & Development,4,Female,2,2,4505,12,3,1,0,0
37,No,Sales,3,Male,3,4,7428,12,3,5,3,3
34,No,Research & Development,3,Female,3,1,11631,14,3,11,10,8
36,No,Sales,2,Female,3,4,9738,10,3,9,7,8
36,No,Research & Development,2,Female,1,4,2835,7,3,1,0,0
43,No,Sales,2,Male,4,4,16959,25,4,25,12,12
30,No,Research & Development,3,Male,1,3,2613,10,2,10,7,9
33,No,Sales,2,Male,2,2,6146,8,4,7,7,7
56,Yes,Research & Development,4,Female,1,2,4963,7,3,5,4,3
51,No,Research & Development,3,Male,5,3,19537,23,3,20,18,15
31,Yes,Sales,4,Male,2,3,6172,12,2,7,7,7
26,No,Research & Development,3,Female,1,2,2368,5,2,5,4,3
58,Yes,Research & Development,4,Female,3,4,10312,40,2,40,10,6
19,Yes,Sales,1,Male,1,3,1675,0,2,0,0,0
22,No,Research & Development,1,Male,1,4,2523,3,3,2,1,1
49,No,Research & Development,4,Female,2,1,6567,16,2,15,11,11
43,No,Research & Development,3,Female,1,3,4739,18,3,3,2,2
50,No,Sales,3,Female,3,4,9208,16,3,2,2,1
31,Yes,Sales,3,Female,2,3,4559,4,3,2,2,2
41,No,Sales,1,Male,3,3,8189,12,3,9,7,7
26,No,Human Resources,1,Female,1,3,2942,8,3,8,7,7
36,No,Research & Development,2,Male,2,2,4941,7,3,3,2,1
51,Yes,Research & Development,4,Male,3,4,10650,18,3,4,2,3
39,No,Sales,4,Female,2,3,5902,17,4,15,11,9
25,No,Sales,3,Male,2,3,8639,6,3,2,2,2
30,No,Human Resources,3,Male,2,4,6347,12,1,11,9,7
32,Yes,Research & Development,3,Female,1,1,4200,10,4,5,4,4
45,No,Research & Development,3,Male,1,4,3452,9,2,6,5,3
38,No,Research & Development,5,Female,2,3,4317,19,3,3,2,2
30,No,Research & Development,3,Female,1,3,2632,5,2,5,4,4
32,No,Sales,2,Male,2,4,4668,9,4,8,7,7
30,No,Research & Development,3,Female,1,1,3204,8,3,3,2,2
30,No,Research & Development,1,Male,1,4,2720,6,3,5,3,2
41,No,Research & Development,3,Male,4,1,17181,21,2,7,6,7
41,No,Research & Development,4,Male,1,1,2238,7,3,5,0,4
19,No,Research & Development,1,Female,1,2,1483,1,3,1,0,0
40,No,Research & Development,3,Female,2,2,5605,20,3,20,7,13
35,No,Sales,5,Male,3,2,7295,10,3,10,8,6
53,No,Sales,2,Male,2,3,2306,13,1,7,7,5
45,No,Research & Development,3,Male,2,2,2348,20,1,17,9,15
32,No,Sales,3,Female,3,4,8998,9,3,9,8,7
29,No,Research & Development,1,Male,2,3,4319,10,3,10,7,9
51,No,Research & Development,4,Male,2,3,6132,10,3,1,0,0
58,No,Research & Development,3,Female,1,2,3346,9,2,1,0,0
40,No,Sales,4,Male,3,4,10855,15,2,12,11,11
34,No,Sales,4,Female,1,3,2231,6,3,4,3,2
22,No,Research & Development,1,Male,1,4,2323,2,3,2,2,2
27,No,Research & Development,3,Male,1,2,2024,6,1,2,2,2
28,No,Research & Development,3,Male,1,4,2713,5,1,5,2,2
57,No,Research & Development,2,Male,3,4,9439,12,1,5,3,4
27,No,Research & Development,3,Male,1,3,2566,1,2,1,1,1
50,No,Research & Development,3,Female,5,2,19926,21,3,5,4,4
41,No,Research & Development,3,Male,1,3,2451,13,3,9,8,8
30,No,Sales,3,Female,3,4,9419,12,3,10,9,4
38,No,Sales,4,Female,2,4,8686,12,4,8,3,7
32,No,Research & Development,5,Male,1,3,3038,8,3,5,4,4
27,No,Research & Development,3,Male,1,2,3058,6,2,5,2,1
19,Yes,Sales,1,Female,1,1,2325,1,4,0,0,0
36,No,Research & Development,2,Male,1,2,2088,13,2,8,7,2
30,No,Research & Development,3,Male,2,1,3072,12,3,12,9,10
45,No,Sales,2,Female,2,1,5006,9,4,5,4,3
56,No,Research & Development,3,Female,1,1,4257,19,3,2,2,2
33,No,Research & Development,3,Male,1,4,2500,4,4,3,1,2
19,Yes,Research & Development,3,Male,1,4,1102,1,2,1,0,0
46,No,Sales,2,Female,3,1,10453,24,3,24,13,7
38,No,Research & Development,2,Female,1,4,2288,2,3,2,2,1
31,No,Research & Development,1,Female,1,4,3929,7,3,4,2,2
34,No,Research & Development,2,Female,1,2,2311,9,3,3,2,2
41,Yes,Sales,2,Female,1,2,3140,4,2,4,3,2
50,No,Research & Development,3,Male,1,3,3690,5,2,3,2,2
53,No,Research & Development,2,Female,2,1,4450,5,3,4,2,3
33,No,Research & Development,3,Female,1,2,2756,8,3,8,7,6
40,No,Research & Development,1,Female,5,3,19033,21,3,20,8,9
55,No,Research & Development,4,Male,5,2,18722,36,3,24,15,15
34,No,Research & Development,1,Male,2,3,9547,10,2,10,9,9
51,No,Research & Development,3,Female,4,2,13734,21,3,7,7,0
52,No,Research & Development,4,Male,5,3,19999,34,3,33,18,9
27,No,Research & Development,3,Female,1,2,2279,7,2,7,7,3
35,Yes,Research & Development,2,Male,2,3,5916,8,3,1,0,1
43,No,Research & Development,3,Male,1,4,2089,7,4,5,4,2
45,No,Research & Development,2,Male,4,4,16792,22,3,20,8,8
37,No,Research & Development,3,Male,1,1,3564,8,2,8,7,7
35,No,Research & Development,3,Female,2,2,4425,10,3,6,2,2
42,No,Research & Development,2,Female,2,3,5265,11,3,5,3,2
38,No,Research & Development,4,Male,2,3,6553,14,3,1,0,0
38,No,Research & Development,3,Male,2,4,6261,9,1,7,7,7
27,No,Research & Development,1,Male,2,1,4298,6,3,2,2,0
49,No,Research & Development,4,Male,2,4,6804,7,3,7,7,7
34,No,Research & Development,4,Male,1,3,3815,5,4,5,3,0
40,No,Research & Development,2,Male,2,4,2741,15,4,7,2,7
38,Yes,Research & Development,1,Male,2,1,6673,17,3,1,0,0
29,Yes,Sales,3,Female,3,4,7639,10,2,10,4,9
22,No,Research & Development,3,Male,1,2,2328,4,2,4,2,2
36,No,Research & Development,1,Female,1,4,2153,8,3,8,1,7
40,No,Research & Development,5,Male,2,4,4876,5,1,3,2,2
46,No,Research & Development,4,Male,3,1,9396,17,3,4,2,3
32,Yes,Sales,4,Male,3,4,10400,14,2,14,8,8
30,No,Research & Development,1,Male,3,3,8474,12,3,11,8,8
27,No,Sales,3,Female,2,3,9981,7,3,7,7,7
51,No,Research & Development,4,Male,3,2,12490,16,1,10,9,7
30,Yes,Research & Development,3,Female,1,1,2657,8,3,5,2,4
41,No,Sales,3,Female,3,4,13591,16,3,1,0,0
30,Yes,Sales,4,Female,2,1,6696,9,2,6,3,1
29,Yes,Research & Development,3,Male,1,3,2058,7,2,6,2,5
45,No,Sales,3,Female,3,4,8865,23,3,19,7,8
54,No,Sales,3,Female,2,1,5940,16,3,6,2,5
36,No,Research & Development,2,Male,2,2,5914,16,4,13,11,7
33,No,Research & Development,4,Female,1,2,2622,7,3,3,2,1
37,No,Research & Development,3,Male,3,4,12185,10,3,10,8,7
38,No,Sales,3,Male,3,3,10609,17,2,16,10,13
31,No,Research & Development,4,Male,2,3,4345,6,3,5,4,4
59,No,Research & Development,3,Male,1,4,2177,7,3,1,0,0
37,No,Sales,4,Male,1,4,2793,13,3,9,8,8
29,No,Sales,1,Female,3,4,7918,11,3,11,10,1
35,No,Sales,3,Female,3,3,8789,10,4,10,7,8
29,Yes,Research & Development,1,Male,1,4,2389,4,2,4,3,1
52,No,Research & Development,3,Female,1,4,3212,6,2,2,2,2
42,No,Research & Development,2,Male,5,4,19232,22,3,22,17,15
59,No,Human Resources,2,Male,1,3,2267,7,2,2,2,2
50,No,Sales,4,Female,5,4,19517,32,2,7,0,6
33,Yes,Research & Development,3,Male,1,4,2436,8,1,5,4,4
43,No,Sales,3,Female,4,4,16064,22,3,17,13,9
33,Yes,Research & Development,2,Female,1,1,2707,13,4,9,7,7
52,No,Sales,4,Male,5,3,19068,33,4,33,7,12
32,No,Sales,2,Female,1,2,3931,6,3,4,3,2
32,Yes,Research & Development,3,Male,1,3,3730,4,1,3,2,2
39,No,Research & Development,4,Female,1,3,2232,7,3,3,2,2
32,No,Sales,4,Male,2,4,4465,4,3,3,2,2
41,No,Research & Development,2,Male,2,1,3072,17,2,1,0,0
40,No,Research & Development,2,Male,2,4,3319,9,3,9,8,7
45,No,Research & Development,3,Male,5,4,19202,25,3,24,0,7
31,No,Research & Development,4,Male,3,3,13675,9,3,2,2,2
33,No,Research & Development,4,Female,1,4,2911,2,2,2,2,2
34,No,Research & Development,4,Male,2,1,5957,13,3,11,9,9
37,No,Research & Development,2,Female,1,1,3920,17,2,3,1,2
45,No,Research & Development,4,Male,2,3,6434,9,3,3,2,2
37,Yes,Research & Development,3,Male,3,3,10048,17,3,1,0,0
39,No,Research & Development,4,Female,3,3,10938,20,3,19,6,8
29,No,Research & Development,3,Male,1,4,2340,6,3,6,5,5
42,No,Research & Development,2,Female,2,1,6545,10,3,3,2,2
29,No,Sales,2,Male,2,4,6931,10,3,3,2,2
25,No,Research & Development,3,Female,2,3,4898,5,3,4,2,2
42,No,Research & Development,3,Female,1,1,2593,10,3,9,6,8
40,No,Research & Development,2,Male,5,3,19436,22,3,21,7,9
51,No,Research & Development,3,Male,1,4,2723,1,2,1,0,0
31,Yes,Research & Development,2,Male,1,2,3479,6,4,5,4,4
32,No,Research & Development,3,Male,1,2,2794,5,1,5,1,3
38,No,Sales,2,Male,2,4,5249,13,3,8,7,5
32,No,Research & Development,1,Male,2,1,2176,9,3,6,2,4
46,No,Sales,3,Female,4,2,16872,28,2,7,7,7
28,Yes,Research & Development,4,Male,1,3,3485,5,1,0,0,0
29,No,Sales,3,Male,2,2,6644,10,3,0,0,0
31,No,Research & Development,3,Male,2,4,5582,10,3,9,0,8
25,No,Research & Development,2,Male,2,1,4000,6,3,6,3,5
45,No,Research & Development,2,Male,4,4,13496,21,3,20,7,10
36,No,Research & Development,3,Male,1,4,3210,16,3,15,13,11
55,No,Research & Development,3,Male,5,1,19045,37,3,36,10,13
47,Yes,Research & Development,4,Male,3,2,11849,10,2,10,7,9
28,No,Research & Development,3,Male,1,4,2070,5,2,5,2,4
37,No,Sales,4,Male,2,4,6502,7,4,5,4,1
21,No,Research & Development,2,Male,1,3,3230,3,4,3,2,0
37,No,Research & Development,4,Female,3,4,13603,15,3,5,2,2
35,No,Research & Development,3,Female,3,2,11996,10,2,7,7,2
38,No,Sales,2,Female,2,1,5605,8,3,8,0,7
26,No,Research & Development,3,Female,2,2,6397,6,1,6,5,4
50,No,Research & Development,1,Male,5,2,19144,28,2,10,4,6
53,No,Research & Development,4,Male,4,3,17584,21,2,5,3,3
42,No,Sales,1,Male,2,3,4907,20,3,20,16,6
29,No,Sales,2,Male,2,4,4554,10,2,10,7,9
55,No,Research & Development,2,Male,2,4,5415,12,3,10,7,8
26,No,Research & Development,2,Male,2,1,4741,5,3,5,3,3
37,No,Research & Development,3,Female,1,4,2115,17,3,17,12,7
44,Yes,Research & Development,3,Male,1,3,3161,19,1,1,0,0
38,No,Research & Development,4,Male,2,4,5745,10,3,2,2,2
26,Yes,Research & Development,4,Male,1,2,2373,5,3,3,2,2
28,No,Research & Development,2,Female,1,4,3310,5,3,5,3,2
49,No,Research & Development,4,Female,5,1,18665,22,3,3,2,2
36,No,Research & Development,3,Male,2,2,4485,10,3,8,0,7
31,No,Sales,3,Female,1,2,2789,2,2,2,2,2
26,Yes,Sales,4,Male,2,4,5828,8,3,8,7,4
37,No,Research & Development,3,Male,1,4,2326,4,2,4,2,2
42,No,Sales,3,Female,4,2,13525,23,4,20,4,8
18,Yes,Research & Development,3,Male,1,3,1420,0,3,0,0,0
35,No,Sales,3,Male,3,2,8020,12,2,11,9,9
36,No,Research & Development,4,Male,1,4,3688,4,3,1,0,0
51,No,Research & Development,3,Male,2,2,5482,13,3,4,1,2
41,No,Sales,4,Male,4,2,16015,22,3,22,10,4
18,No,Sales,3,Female,1,3,1200,0,3,0,0,0
28,No,Research & Development,2,Male,2,1,5661,9,3,8,3,7
31,No,Sales,3,Male,2,4,6929,10,2,8,7,7
39,No,Research & Development,3,Male,3,4,9613,19,2,18,10,7
36,No,Research & Development,4,Female,2,2,5674,11,3,9,8,8
32,No,Sales,3,Male,2,3,5484,13,2,13,8,8
38,No,Research & Development,2,Female,3,2,12061,19,3,10,8,1
58,No,Research & Development,4,Male,2,3,5660,12,3,5,3,2
31,No,Research & Development,4,Male,1,4,4821,6,3,5,2,3
31,No,Human Resources,3,Male,2,1,6410,9,3,2,2,0
45,No,Research & Development,3,Male,3,1,5210,24,3,24,9,11
31,No,Research & Development,4,Male,1,4,2695,3,1,2,2,2
33,No,Research & Development,4,Female,3,2,11878,12,3,10,6,8
39,No,Research & Development,1,Male,4,1,17068,21,3,21,9,10
43,No,Research & Development,4,Female,1,4,2455,9,3,8,7,7
49,No,Research & Development,2,Female,4,3,13964,25,3,7,1,7
52,Yes,Research & Development,4,Male,2,2,4941,11,2,8,2,7
27,No,Research & Development,3,Female,1,2,2478,4,2,4,3,2
32,No,Sales,2,Female,2,2,5228,13,3,13,12,9
27,No,Sales,3,Male,2,3,4478,5,3,5,4,4
31,No,Sales,3,Male,2,4,7547,13,3,7,7,7
32,No,Research & Development,4,Female,2,4,5055,10,2,7,7,7
28,Yes,Research & Development,4,Male,1,4,3464,5,2,3,2,2
30,No,Research & Development,2,Female,2,4,5775,11,3,10,8,9
31,No,Research & Development,2,Female,3,3,8943,10,3,10,9,9
39,No,Research & Development,2,Male,5,4,19272,21,3,21,9,3
39,Yes,Sales,2,Female,2,3,5238,12,2,1,0,0
33,No,Sales,3,Male,2,4,4682,9,2,7,7,1
47,No,Research & Development,5,Male,5,3,18300,21,3,3,2,1
43,No,Research & Development,4,Female,2,3,5257,9,4,9,7,0
27,No,Sales,1,Male,2,2,6349,6,3,5,4,4
54,No,Research & Development,4,Female,2,3,4869,20,2,4,3,3
43,No,Research & Development,3,Female,3,1,9985,10,2,1,0,0
45,No,Research & Development,4,Male,2,4,3697,12,3,10,9,8
40,No,Sales,2,Male,2,4,7457,6,2,4,3,2
29,Yes,Research & Development,4,Male,1,1,2119,7,2,7,7,7
29,No,Research & Development,5,Male,1,4,3983,4,3,3,2,2
30,No,Sales,3,Female,2,3,6118,10,3,10,9,2
27,No,Sales,4,Female,2,2,6214,8,3,8,7,7
37,No,Research & Development,2,Male,2,4,6347,8,2,6,2,4
38,No,Research & Development,2,Male,3,4,11510,12,3,11,10,9
31,No,Research & Development,4,Female,3,4,7143,11,2,11,9,10
29,No,Sales,1,Female,2,2,8268,7,3,7,7,7
35,No,Research & Development,4,Male,3,2,8095,17,3,16,6,13
23,No,Research & Development,1,Male,1,4,2904,4,2,4,2,2
41,No,Research & Development,3,Male,2,2,6032,8,3,5,4,2
47,No,Sales,1,Male,2,3,2976,5,3,0,0,0
42,No,Research & Development,5,Female,4,4,15992,16,3,1,0,0
29,No,Sales,3,Male,2,3,4649,4,2,4,3,2
42,No,Human Resources,1,Male,1,3,2696,4,3,3,2,0
32,No,Research & Development,3,Female,1,2,2370,8,3,8,0,7
48,No,Sales,1,Female,3,3,12504,15,1,0,0,0
37,No,Research & Development,3,Male,2,1,5974,13,3,7,7,7
30,No,Sales,2,Female,2,3,4736,4,4,2,2,2
26,No,Sales,3,Male,2,3,5296,8,3,8,7,7
42,No,Research & Development,4,Male,2,4,6781,14,3,1,0,0
21,Yes,Sales,1,Female,1,2,2174,3,3,3,2,2
36,No,Sales,5,Female,2,4,6653,7,3,1,0,0
36,No,Sales,4,Male,3,4,9699,16,3,13,9,12
57,No,Research & Development,4,Male,2,3,6755,15,3,3,2,2
40,No,Research & Development,4,Female,1,3,2213,10,3,7,7,7
21,No,Sales,2,Male,1,4,2610,3,2,3,2,2
33,Yes,Sales,3,Female,1,3,2851,1,3,1,0,0
37,No,Research & Development,3,Female,1,1,3452,17,3,5,4,3
46,No,Research & Development,4,Female,2,3,5258,7,4,1,0,0
41,Yes,Sales,3,Male,2,2,9355,8,3,8,7,7
50,No,Research & Development,3,Male,3,4,10496,20,3,4,3,3
40,Yes,Sales,2,Male,2,3,6380,8,3,6,4,0
31,No,Research & Development,4,Male,1,2,2657,3,3,2,2,2
21,Yes,Sales,3,Female,1,2,2716,1,3,1,0,0
29,No,Research & Development,3,Male,1,4,2201,6,3,3,2,2
35,No,Research & Development,4,Male,2,2,6540,10,3,1,1,0
27,No,Research & Development,2,Male,1,2,3816,5,3,5,2,4
28,No,Sales,4,Male,2,4,5253,7,3,7,5,7
49,No,Research & Development,3,Male,3,3,10965,26,3,5,2,0
51,No,Sales,2,Female,2,4,4936,18,2,7,7,7
36,No,Research & Development,3,Female,1,3,2543,6,3,2,2,2
34,Yes,Sales,3,Male,2,4,5304,9,2,5,2,4
55,No,Research & Development,3,Female,4,4,16659,30,3,5,4,2
24,No,Sales,4,Female,2,3,4260,5,4,5,2,3
30,No,Sales,1,Male,1,2,2476,1,3,1,0,0
26,Yes,Research & Development,1,Male,1,1,3102,7,3,6,4,4
22,No,Research & Development,3,Female,1,2,2244,2,3,2,1,2
36,No,Sales,2,Male,3,3,7596,10,3,10,9,0
30,Yes,Research & Development,3,Male,1,4,2285,3,3,1,0,0
37,No,Research & Development,3,Female,1,1,3034,18,2,18,7,17
40,No,Sales,2,Female,2,2,5715,8,3,5,4,3
42,No,Research & Development,4,Female,1,1,2576,8,3,5,2,2
37,No,Research & Development,4,Male,2,2,4197,18,2,1,0,1
43,No,Research & Development,3,Male,4,2,14336,25,3,25,10,9
40,No,Research & Development,3,Female,2,3,3448,20,3,1,0,0
54,No,Research & Development,2,Male,5,1,19406,24,2,4,2,2
34,No,Sales,4,Female,2,3,6538,6,3,3,2,2
31,No,Research & Development,2,Female,2,1,4306,13,1,13,10,12
43,No,Research & Development,3,Male,1,4,2258,8,3,3,2,2
43,No,Research & Development,4,Female,2,3,4522,8,3,5,2,2
25,No,Sales,2,Female,2,4,4487,5,3,5,4,3
37,No,Research & Development,5,Female,2,3,4449,15,3,13,11,7
31,No,Research & Development,2,Male,1,1,2218,4,3,4,2,2
39,No,Research & Development,1,Male,5,3,19197,21,3,21,8,6
56,No,Sales,3,Female,4,1,13212,36,2,7,7,7
30,No,Sales,3,Female,2,3,6577,6,3,5,4,4
41,No,Sales,3,Male,3,1,8392,10,3,10,7,7
28,No,Research & Development,2,Male,2,1,4558,10,3,10,0,8
25,Yes,Research & Development,3,Male,1,1,4031,6,3,2,2,2
52,No,Research & Development,3,Male,3,3,7969,28,3,5,4,4
45,No,Research & Development,2,Male,1,4,2654,8,2,2,2,2
52,No,Research & Development,2,Female,4,4,16555,31,1,5,2,4
42,No,Research & Development,2,Female,2,3,4556,19,3,5,4,2
30,No,Research & Development,3,Female,2,4,6091,11,3,5,4,2
60,No,Research & Development,3,Female,5,1,19566,33,1,29,8,10
46,No,Research & Development,3,Female,2,3,4810,19,2,10,7,8
42,No,Research & Development,4,Female,2,4,4523,7,4,6,5,4
24,Yes,Sales,1,Female,1,2,3202,6,3,5,3,4
34,Yes,Sales,2,Female,1,3,2351,3,2,2,2,0
38,No,Research & Development,2,Male,1,4,1702,1,3,1,0,0
40,No,Sales,4,Female,5,3,18041,21,3,20,15,12
26,No,Research & Development,3,Female,1,4,2886,3,1,3,2,2
30,No,Research & Development,3,Male,1,4,2097,9,1,5,3,4
29,No,Research & Development,4,Male,3,3,11935,10,3,10,2,7
29,Yes,Research & Development,5,Female,1,2,2546,6,4,2,2,1
19,Yes,Human Resources,2,Male,1,4,2564,1,4,1,0,0
30,No,Sales,4,Female,3,1,8412,10,3,9,8,8
57,No,Sales,3,Male,4,4,14118,32,2,1,0,0
50,No,Research & Development,4,Male,4,3,17046,28,3,27,10,7
30,No,Research & Development,3,Female,1,4,2564,12,2,11,7,7
60,No,Sales,3,Female,3,1,10266,22,4,18,13,11
47,No,Research & Development,2,Female,2,4,5070,20,3,5,0,4
46,No,Research & Development,3,Male,4,3,17861,26,1,3,2,1
35,No,Research & Development,3,Male,1,3,4230,6,3,5,4,3
54,No,Research & Development,4,Female,2,3,3780,19,3,1,0,0
34,No,Research & Development,4,Male,1,3,2768,14,3,7,3,7
46,No,Sales,3,Female,3,4,9071,15,3,3,2,2
31,No,Research & Development,1,Male,3,2,10648,13,4,13,8,8
33,Yes,Research & Development,1,Male,3,3,13610,15,4,7,6,7
33,Yes,Research & Development,1,Male,1,4,3408,8,3,4,3,3
30,No,Sales,1,Male,1,2,2983,4,3,3,2,2
35,No,Research & Development,3,Male,3,3,7632,10,3,8,7,0
31,Yes,Research & Development,3,Male,3,3,9824,12,3,1,0,0
34,Yes,Human Resources,3,Female,3,1,9950,11,3,3,2,2
42,No,Research & Development,2,Male,1,3,2093,8,3,2,2,0
36,No,Sales,4,Male,3,4,9980,10,2,10,3,7
22,Yes,Research & Development,1,Male,1,3,3894,4,3,2,2,2
48,No,Sales,5,Female,2,4,4051,14,3,9,7,7
55,No,Sales,5,Female,4,2,16835,37,3,10,9,7
41,No,Sales,2,Male,2,4,6230,16,3,14,3,10
35,No,Sales,3,Male,2,3,4717,15,3,11,9,9
40,No,Research & Development,3,Female,4,3,13237,22,3,20,6,13
39,No,Research & Development,1,Female,1,3,3755,8,3,8,3,7
31,No,Sales,1,Male,2,4,6582,10,4,6,5,5
42,No,Research & Development,3,Male,3,1,7406,10,2,10,9,8
45,No,Sales,3,Male,2,2,4805,9,4,8,7,7
26,Yes,Human Resources,4,Female,1,3,2741,8,2,7,7,0
29,No,Research & Development,3,Male,2,4,4262,8,4,3,2,2
33,No,Research & Development,5,Female,4,3,16184,10,3,6,1,5
31,No,Sales,3,Male,3,4,11557,10,2,5,4,1
18,Yes,Sales,3,Male,1,2,1878,0,3,0,0,0
40,No,Sales,3,Male,3,1,10932,20,3,1,0,1
41,No,Research & Development,4,Female,2,3,6811,10,3,8,7,7
26,No,Sales,2,Male,2,3,4306,8,3,0,0,0
35,No,Sales,3,Female,2,3,4859,5,3,5,4,3
34,No,Sales,4,Male,2,4,5337,10,3,10,7,7
26,Yes,Research & Development,3,Male,1,4,2340,1,1,1,0,0
37,No,Research & Development,3,Female,3,4,7491,12,4,6,5,2
46,No,Research & Development,1,Female,3,3,10527,28,2,2,2,2
41,No,Sales,5,Female,4,1,16595,22,3,18,16,8
37,No,Sales,4,Male,3,2,8834,9,3,9,5,7
52,No,Research & Development,2,Male,2,1,5577,18,3,10,9,9
32,Yes,Sales,4,Male,2,3,4707,6,3,4,2,2
24,No,Sales,3,Male,1,4,2400,3,3,2,2,1
38,No,Research & Development,3,Female,2,3,9824,18,3,1,0,0
37,No,Research & Development,4,Female,2,2,6447,8,2,6,5,3
49,No,Research & Development,4,Male,5,3,19502,31,3,31,9,9
24,No,Research & Development,3,Male,1,4,2725,6,3,6,5,4
26,No,Sales,2,Male,2,2,6272,6,4,5,3,4
24,No,Research & Development,2,Male,1,2,2127,1,3,1,0,0
50,No,Human Resources,3,Male,5,2,18200,32,3,32,5,7
25,No,Sales,1,Male,1,3,2096,7,3,7,4,6
24,Yes,Research & Development,3,Female,1,3,2886,6,3,6,3,2
30,Yes,Sales,4,Male,1,1,2033,1,4,1,0,0
34,No,Research & Development,2,Male,1,4,3622,6,3,6,5,3
31,Yes,Sales,4,Male,2,1,4233,9,1,3,1,2
35,No,Research & Development,2,Male,2,4,3681,9,3,3,2,2
31,No,Sales,4,Male,2,4,5460,13,4,7,7,7
27,No,Research & Development,4,Female,1,3,2187,6,2,5,3,3
37,No,Sales,3,Male,2,3,9602,17,2,3,0,0
20,No,Research & Development,3,Female,1,2,2836,1,4,1,0,0
42,No,Research & Development,4,Female,2,4,4089,10,3,10,2,2
43,No,Research & Development,4,Male,4,4,16627,21,2,1,0,0
38,No,Research & Development,1,Female,1,1,2619,8,2,0,0,0
43,No,Research & Development,5,Male,2,3,5679,10,3,8,7,7
48,No,Research & Development,4,Female,4,1,15402,21,1,3,2,2
44,No,Human Resources,4,Female,2,3,5985,10,4,2,2,2
34,No,Sales,3,Female,1,3,2579,8,3,8,2,6
27,Yes,Sales,1,Male,1,1,3041,5,3,4,3,2
21,No,Sales,1,Male,1,3,3447,3,3,3,2,2
44,No,Research & Development,4,Male,5,4,19513,26,4,2,2,1
22,No,Research & Development,1,Male,1,3,2773,3,3,2,2,2
33,No,Sales,4,Male,2,3,7104,6,3,5,0,2
32,No,Research & Development,4,Female,2,4,6322,6,2,6,4,5
30,No,Research & Development,3,Female,1,3,2083,1,3,1,0,0
53,No,Sales,1,Female,2,1,8381,18,4,14,7,10
34,No,Research & Development,5,Male,1,4,2691,10,2,10,9,8
45,Yes,Sales,4,Female,2,1,4286,5,3,1,1,0
26,No,Research & Development,3,Female,1,4,2659,3,3,3,2,2
37,No,Research & Development,3,Male,3,3,9434,10,3,10,7,8
29,No,Sales,2,Female,2,3,5561,6,2,6,0,2
35,No,Research & Development,4,Male,2,4,6646,17,3,17,11,8
33,No,Research & Development,3,Male,2,4,7725,15,1,13,11,7
54,No,Human Resources,4,Male,3,2,10725,16,4,9,7,1
36,No,Research & Development,2,Male,2,2,8847,13,3,3,2,2
27,No,Research & Development,4,Male,1,4,2045,5,3,4,2,1
20,Yes,Research & Development,1,Male,1,3,1009,1,3,1,0,1
33,Yes,Research & Development,3,Male,1,1,3348,10,3,10,8,7
35,No,Research & Development,3,Male,1,3,1281,1,3,1,0,0
23,No,Research & Development,3,Male,1,1,2819,5,4,3,2,2
25,No,Sales,3,Male,2,2,4851,4,3,3,2,2
38,No,Sales,4,Female,2,4,4028,8,3,7,7,5
29,No,Research & Development,4,Male,1,4,2720,10,3,10,7,8
48,No,Sales,1,Male,2,2,8120,12,3,2,2,2
27,No,Sales,1,Female,2,4,4647,6,3,6,5,4
37,No,Research & Development,2,Male,1,4,4680,4,3,1,0,0
50,No,Research & Development,1,Male,1,3,3221,20,3,20,8,8
34,No,Research & Development,3,Female,3,2,8621,9,4,8,7,7
24,Yes,Sales,2,Female,2,3,4577,4,3,2,2,0
39,No,Research & Development,4,Female,2,3,4553,20,3,20,7,10
32,No,Sales,3,Male,2,4,5396,10,2,10,7,8
50,Yes,Sales,2,Male,2,3,6796,18,3,4,3,3
38,No,Research & Development,4,Female,2,4,7625,10,2,9,7,8
27,No,Research & Development,2,Female,3,1,7412,9,3,9,7,7
32,No,Research & Development,2,Female,3,4,11159,10,3,7,7,7
47,No,Sales,4,Male,2,1,4960,20,3,7,7,7
40,No,Sales,4,Male,3,1,10475,20,3,18,13,12
53,No,Research & Development,3,Male,4,3,14814,32,3,5,1,3
41,No,Human Resources,4,Male,5,4,19141,23,2,21,6,6
60,No,Sales,4,Male,2,1,5405,10,3,2,2,2
27,No,Research & Development,2,Male,3,1,8793,9,2,9,7,7
41,No,Human Resources,3,Male,5,3,19189,22,3,22,7,10
50,No,Sales,4,Male,1,2,3875,4,3,2,2,2
28,Yes,Research & Development,2,Female,1,2,2216,10,3,7,7,7
36,No,Research & Development,3,Female,3,1,11713,10,3,8,7,5
38,No,Research & Development,3,Female,3,3,7861,10,4,1,0,0
44,No,Research & Development,3,Male,1,3,3708,9,3,5,2,4
47,No,Sales,3,Female,4,3,13770,28,2,22,2,13
30,No,Sales,5,Male,2,4,5304,10,2,8,7,7
29,No,Sales,3,Male,1,3,2642,1,3,1,0,0
42,Yes,Research & Development,3,Male,1,3,2759,7,3,2,2,2
43,No,Sales,3,Male,2,4,6804,7,3,2,2,2
34,No,Research & Development,2,Female,2,3,6142,10,3,5,1,3
23,No,Research & Development,1,Male,1,1,2500,5,4,4,3,2
39,No,Human Resources,3,Female,2,2,6389,12,1,8,3,6
56,No,Research & Development,3,Male,4,4,11103,30,2,10,7,1
40,No,Research & Development,1,Female,1,4,2342,5,2,4,2,3
27,No,Research & Development,3,Female,2,1,6811,9,1,7,6,7
29,No,Sales,3,Male,1,2,2297,2,3,2,2,2
53,No,Research & Development,3,Male,2,4,2450,19,3,2,2,2
35,No,Research & Development,4,Female,2,1,5093,16,4,1,0,0
32,No,Research & Development,4,Male,2,4,5309,10,3,10,8,7
38,No,Research & Development,5,Male,1,3,3057,6,1,1,0,1
34,No,Research & Development,5,Female,2,1,5121,7,3,0,0,0
52,No,Sales,4,Male,4,1,16856,34,4,34,6,16
33,Yes,Research & Development,4,Male,1,4,2686,10,2,10,9,8
25,No,Sales,1,Female,2,4,6180,6,2,6,5,4
45,No,Sales,2,Male,2,3,6632,9,3,8,7,1
23,No,Research & Development,1,Male,1,3,3505,2,3,2,2,2
47,Yes,Sales,2,Female,2,3,6397,8,3,5,4,3
34,No,Sales,3,Male,2,4,6274,6,3,6,5,4
55,Yes,Research & Development,3,Male,5,1,19859,24,3,5,2,4
36,No,Sales,4,Male,3,1,7587,10,3,10,7,9
52,No,Research & Development,4,Male,1,4,4258,5,3,4,3,2
26,No,Research & Development,2,Female,1,4,4364,5,3,2,2,0
29,No,Research & Development,3,Female,2,3,4335,11,2,8,7,1
26,Yes,Sales,3,Male,2,1,5326,6,2,4,3,2
34,No,Research & Development,4,Female,1,4,3280,10,3,4,2,3
54,No,Research & Development,4,Female,2,1,5485,9,3,5,3,4
27,No,Sales,1,Male,2,4,4342,5,3,4,2,1
37,No,Research & Development,1,Female,1,1,2782,6,2,5,3,3
38,No,Research & Development,4,Female,2,1,5980,17,3,15,7,12
34,No,Research & Development,4,Female,1,1,4381,6,3,6,5,3
35,No,Sales,4,Female,1,4,2572,3,2,3,2,2
30,No,Research & Development,3,Male,1,3,3833,7,3,2,2,2
40,No,Research & Development,2,Female,2,2,4244,8,3,8,7,7
34,No,Sales,2,Female,2,1,6500,6,3,3,2,2
42,No,Research & Development,3,Male,5,4,18430,24,2,24,7,9
23,Yes,Research & Development,3,Male,1,1,1601,1,3,0,0,0
24,No,Research & Development,3,Male,1,2,2694,1,3,1,0,0
52,No,Research & Development,4,Female,2,3,3149,9,3,5,2,4
50,No,Research & Development,3,Male,4,3,17639,30,3,4,3,3
29,Yes,Research & Development,2,Female,1,1,2319,1,3,1,0,0
33,No,Research & Development,3,Male,3,3,11691,14,4,13,9,7
33,Yes,Sales,3,Female,2,1,5324,6,3,3,2,2
47,No,Research & Development,2,Female,4,4,16752,26,2,26,14,0
36,No,Research & Development,3,Female,2,2,5228,10,3,9,7,5
29,No,Research & Development,2,Male,1,3,2700,10,3,10,7,7
58,Yes,Research & Development,4,Male,5,2,19246,40,3,31,15,8
35,No,Research & Development,4,Female,1,3,2506,7,3,2,2,2
42,No,Research & Development,2,Female,2,4,6062,8,3,4,3,2
28,Yes,Research & Development,4,Male,1,3,4382,5,2,2,2,1
36,No,Human Resources,3,Male,1,2,2143,8,3,5,2,4
32,No,Research & Development,3,Female,2,3,6162,14,3,14,13,8
40,No,Research & Development,4,Male,2,3,5094,10,3,1,0,0
30,No,Research & Development,3,Female,2,4,6877,12,2,0,0,0
45,No,Research & Development,3,Female,1,3,2274,1,3,1,0,0
42,No,Research & Development,3,Male,2,2,4434,10,2,9,8,8
38,No,Research & Development,3,Male,2,1,6288,13,2,4,3,2
34,No,Research & Development,4,Female,1,4,2553,6,3,5,2,3
49,Yes,Sales,3,Female,3,4,7654,9,4,9,8,7
55,Yes,Sales,1,Male,2,4,5160,12,2,9,7,3
43,No,Research & Development,2,Male,4,1,17159,22,3,4,1,0
27,No,Research & Development,1,Male,3,4,12808,9,3,9,8,8
35,No,Research & Development,3,Male,3,3,10221,17,4,8,5,6
28,No,Sales,4,Female,2,2,4779,8,3,8,7,5
34,No,Human Resources,2,Male,1,4,3737,4,1,3,2,2
26,Yes,Research & Development,2,Female,1,3,2366,8,3,8,7,7
27,No,Research & Development,3,Male,1,4,1706,0,2,0,0,0
51,No,Sales,4,Female,4,3,16307,29,2,20,6,17
44,No,Research & Development,3,Male,2,2,5933,10,2,5,2,3
25,No,Research & Development,1,Male,1,1,3424,6,2,4,3,1
33,No,Sales,3,Male,2,1,4037,9,3,9,8,8
35,No,Research & Development,1,Female,1,1,2559,6,2,6,5,1
36,No,Sales,2,Male,2,4,6201,18,2,18,14,11
32,No,Sales,4,Male,2,4,4403,8,2,5,2,3
30,No,Research & Development,4,Male,1,4,3761,10,2,5,4,3
53,No,Sales,2,Female,3,4,10934,35,3,5,2,4
45,No,Sales,3,Male,3,1,10761,18,3,5,4,2
32,No,Research & Development,2,Female,2,3,5175,9,2,5,3,3
52,No,Research & Development,4,Female,4,4,13826,31,3,9,8,0
37,No,Sales,4,Male,2,3,6334,9,3,1,0,0
28,No,Human Resources,2,Male,1,4,4936,6,3,5,1,4
22,No,Research & Development,2,Male,2,4,4775,4,1,2,2,2
44,No,Research & Development,4,Male,1,4,2818,10,2,3,2,2
42,No,Research & Development,1,Male,1,4,2515,8,3,2,1,2
36,No,Human Resources,3,Male,1,1,2342,6,3,5,4,3
25,No,Sales,1,Male,2,1,4194,5,3,5,3,3
35,No,Research & Development,3,Female,3,3,10685,17,3,17,14,15
35,Yes,Research & Development,4,Female,1,2,2022,10,2,10,2,8
32,No,Research & Development,3,Male,1,4,2314,4,3,3,0,2
25,No,Sales,1,Male,2,1,4256,5,4,5,2,3
49,No,Research & Development,3,Female,1,1,3580,7,3,4,2,2
24,No,Research & Development,1,Male,1,4,3162,6,2,5,2,4
32,No,Sales,2,Male,2,2,6524,10,3,10,8,3
38,No,Sales,3,Male,1,2,2899,3,3,2,2,2
42,No,Research & Development,3,Female,2,4,5231,17,2,5,3,3
31,No,Research & Development,4,Male,1,4,2356,8,3,6,4,2
29,Yes,Sales,3,Female,1,3,2800,5,3,3,2,2
53,No,Sales,3,Male,4,4,11836,28,3,2,0,2
35,No,Research & Development,3,Male,3,2,10903,16,3,13,10,8
37,No,Sales,2,Female,1,4,2973,10,3,5,4,0
53,No,Research & Development,4,Female,4,4,14275,33,3,12,9,8
43,No,Research & Development,3,Female,2,4,5562,12,2,5,2,2
47,No,Sales,2,Female,2,4,4537,8,3,7,6,7
37,No,Sales,2,Male,3,2,7642,10,3,10,0,9
50,No,Research & Development,4,Male,4,1,17924,31,3,31,6,7
39,No,Human Resources,3,Female,2,4,5204,13,3,5,4,4
33,No,Human Resources,2,Male,1,2,2277,7,4,4,3,3
32,Yes,Research & Development,4,Male,1,4,2795,1,1,1,0,1
29,No,Research & Development,1,Female,1,4,2532,8,3,4,3,3
44,No,Research & Development,2,Male,1,1,2559,8,3,8,7,1
28,No,Sales,4,Male,2,4,4908,4,3,4,2,2
58,Yes,Research & Development,1,Male,1,4,2380,3,2,1,0,0
43,No,Research & Development,3,Female,2,2,4765,4,4,1,0,0
20,Yes,Sales,3,Female,1,3,2044,2,2,2,2,2
21,Yes,Research & Development,1,Female,1,4,2693,1,2,1,0,0
36,No,Research & Development,1,Male,2,4,6586,17,2,16,8,11
47,No,Sales,4,Female,1,4,3294,3,2,3,2,2
22,Yes,Research & Development,1,Female,2,3,4171,4,4,3,2,2
41,Yes,Research & Development,4,Female,1,4,2778,10,2,7,7,0
28,No,Research & Development,3,Female,1,3,2377,6,3,2,2,2
39,Yes,Research & Development,3,Male,1,1,2404,8,1,2,2,2
27,No,Research & Development,3,Female,1,3,2318,1,3,1,1,0
34,No,Research & Development,3,Male,1,2,2008,1,3,1,0,0
42,No,Sales,2,Female,2,3,6244,10,3,5,4,3
33,No,Research & Development,4,Male,1,1,2799,6,3,3,2,2
58,No,Research & Development,3,Female,3,2,10552,24,3,6,0,4
31,No,Sales,4,Male,1,3,2329,13,4,7,7,2
35,No,Research & Development,1,Female,2,4,4014,10,1,10,6,7
49,No,Research & Development,2,Female,3,2,7403,29,2,26,9,7
48,No,Research & Development,4,Male,1,3,2259,13,2,0,0,0
31,No,Sales,2,Female,2,3,6932,9,2,9,8,0
36,No,Research & Development,4,Male,1,4,4678,8,3,6,2,1
38,No,Research & Development,3,Female,3,1,13582,15,3,15,12,11
32,No,Research & Development,3,Female,1,2,2332,5,3,3,0,2
25,Yes,Sales,2,Male,1,2,2413,1,3,1,0,0
40,No,Sales,4,Male,3,2,9705,11,2,1,0,0
26,No,Sales,3,Male,2,1,4294,7,3,7,7,7
41,No,Research & Development,3,Male,1,1,4721,20,3,18,13,17
36,No,Research & Development,4,Male,1,3,2519,16,3,11,8,9
19,Yes,Sales,3,Male,1,2,2121,1,4,1,0,0
20,Yes,Research & Development,3,Male,1,1,2973,1,3,1,0,0
31,No,Research & Development,3,Female,2,4,5855,10,1,9,7,5
40,No,Research & Development,4,Male,1,2,3617,3,3,1,1,0
32,No,Research & Development,4,Female,2,1,6725,8,4,8,7,3
36,Yes,Sales,1,Male,3,4,10325,16,3,16,7,7
33,No,Research & Development,3,Female,2,4,6949,6,3,5,0,4
37,Yes,Sales,4,Male,3,3,10609,17,1,14,1,7
45,No,Research & Development,2,Male,2,2,4447,9,2,9,7,8
29,No,Sales,3,Female,1,4,2157,3,3,3,1,2
35,No,Sales,3,Female,2,3,4601,5,3,5,2,0
52,No,Research & Development,2,Male,4,4,17099,26,2,9,8,8
58,Yes,Research & Development,3,Male,1,3,2479,7,3,1,0,0
53,No,Sales,2,Male,4,3,14852,22,4,17,13,2
30,No,Sales,2,Male,3,3,7264,10,4,8,4,7
38,No,Sales,3,Female,2,4,5666,6,3,5,3,3
35,No,Sales,4,Male,3,4,7823,12,3,10,9,8
39,No,Sales,5,Male,3,3,7880,9,3,8,7,7
40,Yes,Sales,3,Female,4,2,13194,22,2,1,0,0
47,No,Research & Development,4,Male,2,3,5067,20,4,19,10,7
36,No,Sales,4,Male,2,4,5079,12,3,7,7,7
31,Yes,Research & Development,2,Male,1,1,2321,4,3,3,2,2
33,No,Sales,3,Male,4,3,17444,10,3,10,8,0
29,Yes,Research & Development,3,Female,1,1,2404,3,3,0,0,0
33,No,Research & Development,1,Female,1,4,3452,5,3,3,2,2
45,No,Research & Development,4,Female,1,4,2270,8,3,5,3,2
50,No,Research & Development,2,Male,4,4,17399,32,2,5,4,3
33,No,Research & Development,4,Female,2,2,5488,6,3,6,5,2
41,No,Research & Development,3,Male,5,3,19419,21,4,18,16,11
27,No,Research & Development,4,Female,1,2,2811,4,3,2,2,2
45,No,Research & Development,2,Male,2,1,3633,9,3,9,8,8
47,No,Sales,2,Female,2,4,4163,9,3,9,0,7
30,Yes,Research & Development,3,Female,1,3,2132,7,3,5,2,1
50,No,Research & Development,3,Male,4,3,13973,22,3,12,11,5
38,No,Research & Development,1,Male,1,3,2684,3,2,2,1,2
46,No,Research & Development,2,Male,3,3,10845,13,3,8,7,7
24,No,Research & Development,1,Female,2,3,4377,5,3,4,2,2
35,Yes,Research & Development,4,Male,1,2,3743,5,1,4,2,2
31,No,Research & Development,1,Female,2,1,4148,4,3,4,3,3
18,No,Research & Development,2,Male,1,4,1051,0,3,0,0,0
54,No,Research & Development,3,Female,3,3,10739,22,3,10,7,8
35,No,Research & Development,4,Female,3,3,10388,16,2,16,10,1
30,No,Research & Development,2,Female,3,1,11416,9,2,8,7,7
20,Yes,Research & Development,3,Female,1,1,2600,1,3,1,0,0
30,Yes,Research & Development,3,Female,1,2,2422,4,3,3,2,2
26,No,Research & Development,2,Male,2,4,5472,8,3,8,7,3
22,No,Research & Development,1,Male,1,1,2451,4,2,4,3,1
48,No,Research & Development,3,Male,2,3,4240,19,3,2,2,2
48,No,Research & Development,4,Male,3,3,10999,27,3,15,11,8
41,No,Research & Development,2,Female,2,3,5003,8,3,2,2,1
39,No,Research & Development,1,Female,4,4,12742,21,3,21,6,8
27,No,Research & Development,4,Female,2,4,4227,4,3,3,2,2
35,No,Research & Development,3,Male,1,4,3917,3,2,3,2,2
42,No,Sales,2,Male,5,3,18303,21,4,1,0,0
50,No,Research & Development,3,Male,1,4,2380,8,3,1,0,0
59,No,Research & Development,3,Female,4,4,13726,30,3,5,3,3
37,Yes,Research & Development,2,Female,2,2,4777,15,1,1,0,0
55,No,Research & Development,4,Male,2,2,6385,17,3,8,7,7
41,No,Research & Development,1,Female,5,3,19973,21,3,21,16,10
38,No,Sales,4,Male,2,4,6861,19,3,1,0,0
26,Yes,Sales,2,Male,2,1,4969,7,3,2,2,2
52,Yes,Sales,1,Female,5,4,19845,33,3,32,14,9
44,No,Sales,3,Female,4,4,13320,23,3,12,11,11
50,No,Sales,3,Female,2,3,6347,19,3,18,7,13
36,Yes,Research & Development,4,Female,1,1,2743,18,3,17,13,14
39,No,Research & Development,3,Female,3,1,10880,21,3,21,6,8
33,No,Sales,1,Female,1,4,2342,3,2,2,2,2
45,No,Sales,2,Female,4,4,17650,26,4,9,3,1
32,No,Research & Development,4,Female,1,3,4025,10,3,8,7,7
34,No,Sales,4,Male,2,4,9725,16,2,15,1,9
59,No,Sales,2,Male,3,4,11904,14,1,6,4,4
45,No,Human Resources,4,Male,1,2,2177,6,3,6,3,4
53,No,Sales,3,Female,3,2,7525,30,3,15,7,12
36,Yes,Research & Development,3,Male,2,3,4834,9,2,1,0,0
26,Yes,Research & Development,3,Male,1,1,2042,6,3,3,2,2
34,No,Sales,4,Female,1,3,2220,1,3,1,1,0
28,No,Sales,1,Male,1,2,1052,1,3,1,0,0
38,No,Research & Development,4,Male,1,3,2821,8,3,2,2,2
50,No,Research & Development,4,Male,5,3,19237,29,2,8,1,7
37,No,Research & Development,3,Female,2,2,4107,8,2,4,3,1
40,No,Sales,3,Male,2,1,8396,8,2,7,7,5
26,No,Research & Development,1,Female,1,3,2007,5,3,5,3,3
46,No,Research & Development,4,Male,5,4,19627,23,3,2,2,2
54,No,Sales,4,Female,3,3,10686,13,3,9,4,0
56,No,Research & Development,3,Female,1,3,2942,18,3,5,4,3
36,No,Research & Development,5,Female,3,4,8858,15,2,14,8,8
55,No,Research & Development,1,Male,4,1,16756,31,4,9,7,2
43,No,Sales,3,Male,3,4,10798,18,3,1,0,0
20,Yes,Sales,3,Female,1,4,2323,2,3,2,2,2
21,Yes,Research & Development,3,Female,1,1,1416,1,2,1,0,0
46,No,Research & Development,4,Female,2,1,4615,19,3,16,13,7
51,Yes,Research & Development,4,Male,1,3,2461,18,4,10,0,7
28,Yes,Research & Development,2,Male,3,1,8722,10,2,10,7,9
26,No,Research & Development,2,Male,1,1,3955,6,3,5,3,3
30,No,Research & Development,3,Male,2,1,9957,7,2,6,2,2
41,No,Research & Development,2,Female,1,3,3376,10,3,10,6,8
38,No,Research & Development,1,Female,3,3,8823,20,2,19,9,9
40,No,Research & Development,4,Male,3,4,10322,14,3,11,10,1
27,No,Research & Development,5,Male,1,3,4621,3,3,3,2,2
55,No,Research & Development,1,Male,3,2,10976,23,3,3,2,2
28,No,Research & Development,3,Female,2,3,3660,10,4,8,7,7
44,Yes,Human Resources,2,Male,3,1,10482,24,3,20,6,6
33,No,Research & Development,3,Male,3,4,7119,9,3,3,2,2
35,Yes,Sales,3,Male,3,1,9582,9,3,8,7,7
33,Yes,Research & Development,4,Female,2,3,4508,14,3,13,7,8
28,No,Research & Development,2,Male,1,3,2207,4,2,4,2,2
34,No,Research & Development,1,Male,2,4,7756,7,2,6,2,4
37,No,Sales,4,Female,2,4,6694,8,3,1,0,0
25,Yes,Research & Development,1,Male,1,4,3691,7,4,7,7,6
26,Yes,Research & Development,3,Male,1,3,2377,1,2,1,1,0
33,Yes,Research & Development,3,Male,1,2,2313,5,3,2,2,2
42,No,Research & Development,2,Male,4,1,17665,23,3,22,6,7
28,Yes,Research & Development,3,Male,1,2,2596,1,3,1,0,0
50,Yes,Sales,4,Male,2,3,4728,5,3,0,0,0
33,No,Sales,3,Female,2,2,4302,4,3,3,2,2
34,No,Research & Development,4,Male,1,4,2979,6,3,0,0,0
48,No,Research & Development,4,Male,4,4,16885,27,2,5,4,1
45,No,Sales,4,Female,2,3,5593,15,3,15,10,12
52,No,Research & Development,4,Male,3,2,10445,18,3,8,6,0
38,No,Sales,4,Male,3,3,8740,9,3,8,7,7
29,No,Research & Development,4,Female,1,4,2514,11,3,7,5,7
28,No,Research & Development,3,Female,3,2,7655,10,2,9,7,7
46,No,Sales,1,Male,4,3,17465,23,3,12,9,9
38,No,Sales,2,Male,3,2,7351,10,3,1,0,0
43,No,Research & Development,3,Female,3,1,10820,18,3,8,7,1
39,Yes,Research & Development,3,Male,4,4,12169,21,3,18,7,5
40,No,Research & Development,3,Male,5,3,19626,21,4,20,7,9
21,No,Research & Development,1,Female,1,2,2070,2,4,2,2,2
39,No,Research & Development,3,Male,2,2,6782,9,2,5,4,3
36,No,Research & Development,4,Male,2,4,7779,18,3,11,9,9
31,No,Sales,3,Male,1,4,2791,3,3,2,2,2
28,No,Research & Development,1,Male,1,2,3201,6,1,5,3,4
35,No,Sales,2,Male,2,4,4968,5,3,5,2,2
49,No,Sales,4,Male,4,2,13120,22,3,9,8,3
34,No,Research & Development,2,Male,2,3,4033,5,2,3,2,2
29,No,Research & Development,3,Female,1,2,3291,8,2,7,5,1
42,No,Research & Development,3,Male,2,4,4272,16,3,1,0,0
29,No,Research & Development,1,Male,2,4,5056,10,2,10,7,2
38,No,Human Resources,3,Male,1,3,2844,7,4,7,6,0
28,No,Research & Development,3,Male,1,3,2703,3,3,3,1,2
18,Yes,Research & Development,1,Male,1,3,1904,0,3,0,0,0
33,Yes,Sales,4,Female,2,1,8224,6,3,5,2,3
41,No,Research & Development,4,Male,1,4,4766,6,3,1,0,0
31,Yes,Research & Development,3,Male,1,3,2610,2,2,2,2,2
37,No,Research & Development,2,Female,2,4,5731,9,3,6,2,3
27,No,Research & Development,3,Male,1,3,2539,4,3,4,2,2
34,No,Sales,1,Female,2,3,5714,6,2,6,5,3
35,No,Human Resources,4,Male,1,3,4323,6,1,5,4,4
29,Yes,Sales,1,Female,3,1,7336,11,1,11,8,10
40,No,Research & Development,4,Female,3,3,13499,20,2,18,7,13
42,Yes,Sales,3,Male,4,1,13758,22,2,21,9,14
42,No,Sales,4,Male,2,1,5155,9,4,6,4,5
35,No,Research & Development,4,Male,1,3,2258,10,3,8,0,7
24,No,Research & Development,3,Male,1,2,3597,6,3,4,3,2
28,Yes,Research & Development,1,Female,1,4,2515,1,2,1,1,0
26,No,Research & Development,4,Male,1,4,4420,8,3,8,7,7
30,No,Sales,3,Male,2,3,6578,10,3,10,3,4
40,No,Research & Development,2,Female,2,4,4422,16,1,1,1,0
35,No,Research & Development,3,Male,3,2,10274,15,4,7,7,4
34,No,Research & Development,3,Male,2,1,5343,14,3,13,9,9
35,No,Research & Development,4,Male,1,4,2376,2,4,2,2,2
43,Yes,Sales,3,Female,2,3,5346,7,2,4,3,3
32,No,Sales,1,Female,1,1,2827,1,3,1,0,0
56,No,Research & Development,4,Female,5,1,19943,28,3,5,2,2
29,No,Research & Development,1,Female,1,4,3131,10,3,10,8,8
19,No,Research & Development,2,Male,1,1,2552,1,3,1,1,0
45,No,Research & Development,3,Female,1,3,4477,7,2,3,2,2
37,No,Research & Development,3,Female,2,4,6474,14,2,14,8,11
20,No,Research & Development,3,Male,1,3,3033,2,2,2,2,2
44,Yes,Research & Development,4,Male,1,3,2936,6,3,6,4,2
53,No,Research & Development,2,Female,5,3,18606,26,3,7,7,7
29,No,Research & Development,1,Female,1,4,2168,6,2,5,4,3
22,Yes,Research & Development,4,Male,1,4,2853,1,3,0,0,0
46,No,Sales,3,Female,4,1,17048,28,3,26,15,9
44,No,Research & Development,3,Male,1,3,2290,6,3,0,0,0
33,No,Human Resources,3,Male,1,3,3600,5,3,5,4,4
41,Yes,Research & Development,2,Male,1,1,2107,5,1,1,0,0
30,No,Sales,4,Male,2,1,4115,8,3,4,3,3
40,No,Sales,4,Male,2,2,4327,5,3,0,0,0
50,No,Research & Development,3,Female,4,1,17856,32,3,2,2,2
28,No,Research & Development,4,Male,1,1,3196,6,3,6,5,3
46,No,Research & Development,2,Male,5,2,19081,25,3,4,2,3
35,No,Sales,4,Male,2,1,8966,15,3,7,7,7
24,Yes,Research & Development,2,Female,1,2,2210,1,1,1,0,0
33,No,Sales,3,Female,2,3,4539,10,2,10,7,1
36,No,Research & Development,4,Male,1,3,2741,7,3,7,7,7
30,No,Research & Development,4,Male,2,3,3491,10,2,10,7,9
44,No,Research & Development,4,Male,2,4,4541,20,3,20,11,17
20,No,Sales,3,Male,1,4,2678,2,3,2,1,2
46,No,Research & Development,4,Male,2,4,7379,12,2,6,3,4
42,No,Human Resources,5,Male,2,1,6272,10,4,4,3,3
60,No,Sales,4,Male,2,4,5220,12,3,11,7,9
32,No,Research & Development,3,Female,1,2,2743,2,3,2,2,2
32,No,Research & Development,2,Female,2,3,4998,10,3,8,7,7
36,No,Research & Development,3,Female,3,1,10252,17,3,7,7,7
33,No,Research & Development,3,Male,1,4,2781,15,3,14,10,10
40,No,Sales,3,Female,2,2,6852,7,4,5,1,3
25,No,Sales,4,Male,2,4,4950,5,3,4,3,1
30,No,Research & Development,3,Male,1,2,3579,12,3,11,9,7
42,No,Research & Development,5,Female,3,1,13191,20,3,1,0,0
35,No,Sales,2,Female,3,4,10377,16,2,13,2,12
27,No,Research & Development,3,Male,1,1,2235,9,2,9,7,8
54,No,Research & Development,4,Female,3,3,10502,33,1,5,4,4
44,No,Research & Development,1,Female,1,4,2011,10,3,10,5,7
19,Yes,Research & Development,3,Female,1,2,1859,1,4,1,1,0
29,No,Research & Development,3,Female,1,4,3760,3,3,3,2,2
54,No,Research & Development,3,Male,4,4,17779,36,3,10,9,9
31,No,Research & Development,2,Male,2,1,6833,6,2,6,5,1
31,No,Research & Development,3,Female,2,1,6812,10,3,10,9,8
59,No,Sales,3,Female,2,4,5171,13,3,6,1,5
43,No,Research & Development,3,Male,5,4,19740,25,3,8,7,7
49,No,Research & Development,2,Male,5,3,18711,23,4,1,0,0
36,No,Research & Development,3,Male,1,2,3692,12,2,11,10,7
48,No,Research & Development,2,Male,1,2,2559,7,2,1,0,0
27,No,Research & Development,2,Male,1,3,2517,5,3,5,3,3
29,No,Research & Development,3,Male,2,4,6623,6,3,6,0,0
48,No,Research & Development,3,Male,5,4,18265,25,4,1,0,0
29,No,Research & Development,3,Female,4,4,16124,9,2,7,7,7
34,No,Research & Development,3,Female,1,3,2585,2,2,1,0,0
44,No,Sales,3,Male,5,2,18213,26,3,22,9,10
33,No,Sales,5,Male,3,3,8380,10,3,9,8,8
19,No,Research & Development,3,Female,1,4,2994,1,3,1,0,1
23,No,Research & Development,2,Male,1,3,1223,1,3,1,0,1
25,Yes,Sales,1,Male,1,4,1118,1,3,1,0,0
26,No,Research & Development,2,Male,1,4,2875,8,2,8,5,2
45,Yes,Sales,3,Female,5,2,18824,26,3,24,10,11
55,No,Research & Development,1,Male,4,2,13577,34,3,33,9,0
21,Yes,Research & Development,2,Female,1,3,2625,2,1,2,2,2
46,No,Sales,2,Female,5,2,18789,26,3,11,4,8
34,No,Sales,3,Female,2,1,4538,4,3,3,2,2
51,No,Sales,3,Male,5,2,19847,31,2,29,10,10
59,No,Research & Development,4,Male,3,4,10512,25,2,9,7,4
34,No,Research & Development,3,Female,2,2,4444,15,4,11,8,10
28,No,Research & Development,4,Male,1,3,2154,5,2,4,2,2
44,No,Research & Development,2,Male,5,1,19190,26,2,25,9,13
34,No,Human Resources,3,Male,2,2,4490,14,4,10,9,8
35,No,Research & Development,1,Male,1,3,3506,4,3,3,2,2
42,No,Research & Development,4,Female,2,2,2372,18,3,1,0,0
43,No,Sales,4,Female,3,4,10231,23,4,21,7,17
36,No,Research & Development,4,Female,2,2,5410,18,3,16,14,12
44,Yes,Research & Development,3,Female,3,4,7978,10,3,10,7,5
28,No,Research & Development,3,Male,1,4,3867,2,3,2,2,2
51,No,Research & Development,2,Female,1,3,2838,8,2,7,0,7
30,No,Research & Development,2,Female,2,3,4695,10,3,8,4,7
29,Yes,Research & Development,3,Female,1,3,3339,10,3,7,7,7
28,No,Research & Development,3,Male,1,1,2080,5,2,3,2,2
25,No,Research & Development,3,Female,1,2,2096,2,2,2,2,1
32,No,Sales,3,Male,2,4,6209,10,4,10,7,8
45,No,Research & Development,3,Female,5,2,18061,22,3,0,0,0
39,No,Research & Development,4,Female,4,2,17123,21,3,19,9,2
58,No,Research & Development,4,Male,1,3,2372,2,3,2,2,2
32,Yes,Research & Development,2,Male,2,3,4883,10,3,10,4,1
39,Yes,Research & Development,3,Male,1,1,3904,6,3,5,2,3
30,No,Research & Development,3,Female,2,4,4627,10,3,9,2,7
36,No,Research & Development,4,Female,3,3,7094,10,3,7,7,7
46,No,Human Resources,2,Female,1,1,3423,10,4,7,6,7
28,No,Research & Development,3,Female,2,4,6674,10,3,9,8,5
50,No,Research & Development,3,Female,4,1,16880,25,3,3,2,2
40,Yes,Sales,4,Male,3,2,9094,9,3,5,4,0
52,Yes,Sales,3,Male,3,2,8446,10,2,8,7,7
30,No,Research & Development,4,Female,3,1,11916,9,3,9,1,8
39,No,Research & Development,2,Male,2,3,4534,9,3,8,7,7
31,No,Sales,4,Female,3,3,9852,10,2,10,8,6
41,No,Sales,2,Male,2,2,6151,19,3,19,2,9
31,Yes,Sales,3,Female,1,2,2302,3,4,3,2,2
44,Yes,Research & Development,3,Male,1,1,2362,10,4,3,2,2
42,No,Research & Development,1,Male,4,3,17861,21,2,20,8,10
55,No,Research & Development,2,Female,5,3,19187,23,3,19,9,11
56,No,Human Resources,4,Male,5,2,19717,36,3,7,3,7
40,No,Research & Development,2,Male,1,3,3544,6,3,4,2,0
34,No,Research & Development,3,Male,3,4,8500,10,2,9,7,6
40,No,Research & Development,3,Male,2,4,4661,9,3,9,8,8
41,No,Sales,3,Female,2,1,4103,10,3,9,3,7
35,No,Research & Development,4,Male,2,3,4249,9,3,9,6,1
51,No,Human Resources,3,Male,4,2,14026,33,3,33,9,10
38,No,Sales,2,Female,2,1,6893,11,3,7,7,7
34,No,Sales,2,Female,2,1,6125,10,4,10,8,6
25,No,Research & Development,1,Male,1,4,3669,7,2,3,2,2
58,Yes,Research & Development,4,Female,3,1,10008,31,2,10,9,9
40,No,Research & Development,4,Male,1,2,2387,7,3,4,2,3
36,No,Sales,3,Female,2,1,4639,17,2,15,7,13
48,No,Research & Development,3,Male,3,4,7898,11,3,10,9,8
27,No,Sales,3,Female,1,4,2534,5,3,1,0,0
51,No,Research & Development,2,Female,4,2,13142,29,2,5,2,3
18,No,Research & Development,3,Female,1,4,1611,0,4,0,0,0
35,No,Research & Development,3,Female,2,4,5363,10,3,9,7,0
27,No,Sales,1,Male,2,4,5071,8,3,6,2,0
55,Yes,Sales,4,Male,4,3,13695,24,2,19,7,8
56,No,Research & Development,3,Male,4,2,13402,33,3,19,16,9
34,No,Research & Development,1,Female,1,3,2029,5,3,5,4,0
40,No,Research & Development,1,Female,2,3,6377,15,3,12,11,8
34,No,Research & Development,3,Male,2,3,5429,10,3,8,7,7
31,Yes,Sales,3,Female,1,4,2785,3,4,1,0,0
35,Yes,Sales,4,Female,2,3,4614,5,2,4,2,2
38,No,Research & Development,3,Male,1,3,2610,4,3,4,2,3
34,No,Research & Development,4,Female,2,4,6687,14,4,14,11,11
28,No,Sales,3,Male,2,1,4724,5,3,5,3,4
31,Yes,Research & Development,4,Male,2,3,6179,10,2,10,2,7
39,No,Sales,4,Male,2,4,6120,8,4,5,4,4
51,No,Sales,3,Male,3,2,10596,14,3,4,2,2
41,No,Research & Development,3,Female,2,4,5467,12,2,6,2,3
37,No,Research & Development,1,Male,1,3,2996,8,3,6,4,3
33,No,Sales,1,Male,2,4,9998,8,4,5,4,2
32,No,Sales,1,Male,2,2,4078,4,2,3,2,2
39,No,Research & Development,2,Male,3,3,10920,13,3,6,4,5
25,No,Sales,1,Male,2,3,6232,6,2,3,2,2
52,No,Research & Development,2,Female,4,3,13247,24,2,5,3,2
43,No,Research & Development,3,Female,2,3,4081,20,1,20,7,8
27,No,Sales,3,Female,2,4,5769,6,3,6,2,4
27,Yes,Research & Development,4,Female,1,3,2394,8,3,8,2,7
26,No,Research & Development,1,Male,1,4,3904,5,3,4,3,1
42,No,Human Resources,3,Female,4,1,16799,21,3,20,7,9
52,No,Research & Development,4,Female,1,1,2950,12,1,5,4,4
37,No,Research & Development,3,Female,1,3,3629,8,3,3,2,2
35,No,Research & Development,2,Male,3,4,9362,10,3,2,2,2
25,No,Research & Development,3,Male,1,4,3229,7,2,3,2,2
26,No,Research & Development,3,Male,1,1,3578,8,3,7,7,7
29,No,Human Resources,3,Male,3,1,7988,10,2,10,9,9
49,Yes,Research & Development,2,Male,2,1,4284,20,3,4,3,3
29,Yes,Research & Development,1,Female,3,4,7553,9,3,8,7,7
54,No,Research & Development,3,Female,4,4,17328,29,2,20,7,7
58,No,Research & Development,3,Female,5,1,19701,32,3,9,8,5
55,No,Research & Development,4,Male,4,4,14732,31,4,7,7,0
36,No,Sales,4,Female,2,2,9278,15,3,5,4,1
31,Yes,Sales,4,Female,1,3,1359,1,3,1,0,0
30,No,Sales,4,Female,2,1,4779,8,3,3,2,2
31,No,Research & Development,5,Female,4,2,16422,9,4,3,2,0
34,No,Research & Development,4,Male,1,1,2996,10,3,4,3,3
31,Yes,Research & Development,3,Female,1,2,1261,1,4,1,0,0
27,No,Research & Development,1,Male,1,1,2099,6,4,5,0,4
36,No,Research & Development,4,Male,2,4,5810,10,2,10,4,8
36,No,Sales,4,Female,2,1,5647,11,2,3,2,2
47,No,Research & Development,3,Male,1,4,3420,17,2,6,5,2
25,Yes,Sales,2,Male,1,1,4400,6,3,3,2,2
37,No,Research & Development,2,Male,1,3,3500,7,1,6,5,3
56,No,Research & Development,2,Female,1,1,2066,5,4,3,2,0
47,No,Research & Development,4,Female,4,3,17169,26,4,20,17,6
24,No,Sales,1,Female,2,3,4162,5,3,5,4,3
32,No,Sales,5,Male,2,4,9204,7,2,4,3,3
34,No,Research & Development,3,Female,1,2,3294,7,2,5,4,2
41,No,Research & Development,5,Male,1,3,2127,7,2,4,2,3
40,No,Research & Development,4,Male,2,3,3975,11,4,8,7,7
31,No,Sales,2,Male,3,4,10793,13,3,13,7,9
46,Yes,Sales,3,Male,3,4,10096,28,4,7,7,3
39,Yes,Research & Development,3,Female,1,1,3646,11,4,1,0,0
31,Yes,Research & Development,5,Female,3,2,7446,10,3,10,8,7
45,No,Research & Development,3,Male,3,1,10851,24,3,7,7,7
31,No,Human Resources,2,Female,1,2,2109,8,3,3,2,2
31,Yes,Research & Development,3,Male,1,4,3722,7,1,2,2,2
45,No,Research & Development,3,Male,3,4,9380,10,4,3,1,2
48,No,Sales,3,Male,2,1,5486,15,3,2,2,2
34,Yes,Human Resources,4,Female,1,3,2742,2,3,2,2,2
40,No,Research & Development,1,Male,3,2,13757,16,3,9,8,8
28,No,Sales,3,Male,2,1,8463,6,3,5,4,3
44,No,Research & Development,3,Male,1,3,3162,7,3,5,2,3
53,No,Research & Development,3,Male,4,2,16598,35,2,9,8,8
49,No,Research & Development,4,Male,2,3,6651,20,2,3,2,2
40,No,Research & Development,3,Male,1,3,2345,8,4,3,1,2
44,No,Research & Development,3,Male,1,2,3420,6,2,5,2,3
33,No,Sales,3,Male,2,1,4373,5,3,4,3,3
34,No,Sales,3,Male,2,1,4759,15,3,13,9,12
30,No,Sales,1,Male,2,3,5301,4,2,2,1,2
42,No,Research & Development,2,Female,1,4,3673,12,3,12,9,8
44,No,Sales,5,Female,2,3,4768,11,2,1,0,0
30,No,Research & Development,3,Male,1,3,1274,1,2,1,0,0
57,No,Research & Development,2,Male,2,3,4900,13,2,12,9,8
49,No,Research & Development,4,Male,3,2,10466,29,3,8,7,7
34,No,Research & Development,3,Male,4,1,17007,16,2,14,8,9
28,Yes,Sales,3,Male,1,3,2909,5,4,3,2,2
29,Yes,Sales,3,Female,2,2,5765,7,1,5,3,0
34,Yes,Sales,4,Female,2,2,4599,16,4,15,9,10
35,No,Sales,1,Male,1,3,2404,1,3,1,0,0
24,Yes,Research & Development,3,Male,1,1,3172,4,2,0,0,0
24,No,Sales,2,Female,1,2,2033,1,3,1,0,0
44,No,Research & Development,1,Male,3,3,10209,16,2,2,2,2
29,No,Sales,3,Male,2,3,8620,10,3,10,7,4
30,No,Human Resources,3,Male,1,3,2064,6,4,5,3,3
55,No,Research & Development,4,Male,2,3,4035,4,3,3,2,2
33,No,Research & Development,4,Female,1,2,3838,8,3,5,4,2
47,No,Sales,3,Female,2,3,4591,11,2,5,4,2
28,Yes,Research & Development,2,Male,1,1,2561,8,2,0,0,0
28,No,Research & Development,3,Male,1,3,1563,1,1,1,0,0
28,No,Sales,3,Male,2,1,4898,5,3,4,2,3
49,No,Research & Development,2,Female,2,1,4789,10,3,3,2,2
29,No,Research & Development,1,Female,1,2,3180,4,3,3,2,2
28,No,Research & Development,1,Male,2,2,6549,8,2,8,6,7
33,No,Research & Development,5,Male,2,3,6388,14,3,0,0,0
32,No,Research & Development,3,Male,3,4,11244,10,4,5,2,0
54,No,Research & Development,4,Female,4,4,16032,26,3,14,9,12
29,Yes,Research & Development,4,Male,1,1,2362,11,1,9,7,7
44,No,Research & Development,3,Male,4,1,16328,24,4,20,6,17
39,No,Research & Development,3,Female,3,2,8376,9,3,2,0,2
46,No,Sales,3,Female,4,2,16606,23,4,13,12,1
35,No,Research & Development,3,Female,3,2,8606,11,1,11,8,3
23,No,Research & Development,1,Male,2,3,2272,5,3,4,3,2
40,Yes,Research & Development,4,Male,1,1,2018,15,1,5,4,0
34,No,Sales,3,Male,3,3,7083,10,3,10,9,6
31,Yes,Research & Development,3,Female,1,3,4084,7,1,7,2,7
50,No,Research & Development,5,Male,4,4,14411,32,3,32,6,9
34,No,Sales,2,Male,1,3,2308,12,3,11,10,7
42,No,Research & Development,3,Male,1,2,4841,4,3,1,0,0
37,No,Research & Development,3,Male,2,4,4285,10,3,10,8,7
29,No,Research & Development,1,Female,2,1,9715,9,3,7,7,7
33,No,Research & Development,3,Male,2,2,4320,5,3,5,3,2
45,No,Research & Development,3,Male,1,4,2132,8,3,5,4,3
42,No,Research & Development,3,Male,3,4,10124,24,1,20,8,9
40,No,Sales,2,Male,2,1,5473,9,4,8,4,1
33,No,Research & Development,4,Male,2,3,5207,15,3,15,14,7
40,No,Human Resources,2,Male,4,4,16437,21,3,21,7,7
24,No,Research & Development,2,Male,1,1,2296,2,3,1,1,0
40,No,Research & Development,2,Male,2,4,4069,8,3,2,2,2
45,No,Research & Development,4,Male,3,2,7441,10,3,10,8,7
35,No,Sales,4,Female,1,3,2430,6,3,5,3,2
32,No,Research & Development,2,Female,2,2,5878,12,3,7,1,5
36,No,Sales,4,Male,1,4,2644,7,2,3,2,2
48,No,Sales,4,Female,2,3,6439,18,3,8,7,7
29,No,Research & Development,3,Male,1,3,2451,5,2,1,0,0
33,No,Sales,4,Male,2,1,6392,8,1,2,2,2
30,Yes,Sales,3,Male,2,1,9714,10,3,10,8,7
38,No,Human Resources,4,Male,2,3,6077,10,3,6,3,2
35,No,Research & Development,3,Male,1,1,2450,3,3,3,0,2
30,No,Sales,4,Male,3,2,9250,9,3,4,2,3
35,Yes,Research & Development,3,Female,1,1,2074,1,3,1,0,0
53,Yes,Research & Development,5,Female,3,4,10169,34,3,33,7,9
38,Yes,Research & Development,3,Male,2,2,4855,7,3,5,2,4
32,No,Research & Development,4,Male,2,1,4087,9,2,6,5,2
48,No,Research & Development,4,Female,1,1,2367,10,2,8,2,6
34,No,Research & Development,4,Male,1,4,2972,1,1,1,0,0
55,No,Sales,5,Male,5,4,19586,36,3,36,6,13
34,No,Research & Development,4,Male,2,4,5484,9,2,2,2,1
26,No,Research & Development,3,Female,1,4,2061,1,3,1,0,0
38,No,Sales,3,Male,2,2,9924,10,3,9,8,7
38,No,Sales,3,Female,2,2,4198,8,4,3,2,2
36,No,Sales,4,Female,2,3,6815,15,3,1,0,0
29,No,Research & Development,1,Male,1,1,4723,10,3,10,9,5
35,No,Research & Development,4,Female,2,3,6142,10,3,5,2,4
39,No,Sales,3,Male,3,3,8237,11,3,7,6,6
29,No,Research & Development,1,Male,2,4,8853,6,4,6,4,3
50,No,Sales,3,Male,5,3,19331,27,3,1,0,0
23,No,Research & Development,3,Male,1,3,2073,4,3,2,2,2
36,No,Research & Development,4,Male,2,1,5562,9,3,3,2,2
42,No,Research & Development,2,Male,5,4,19613,24,3,1,0,1
35,No,Research & Development,3,Male,2,3,3407,10,2,10,9,8
34,No,Research & Development,4,Male,2,3,5063,8,2,8,2,7
40,No,Sales,2,Female,2,1,4639,5,3,5,4,2
43,No,Research & Development,3,Male,1,2,4876,8,3,6,4,2
35,No,Research & Development,2,Male,1,4,2690,1,2,1,0,1
46,No,Sales,4,Male,4,1,17567,27,1,26,0,12
28,Yes,Research & Development,3,Male,1,2,2408,1,3,1,1,0
22,No,Research & Development,2,Female,1,3,2814,4,2,4,2,3
50,No,Research & Development,5,Male,4,3,11245,32,3,30,8,13
32,No,Research & Development,4,Female,1,4,3312,6,3,3,2,2
44,No,Research & Development,3,Female,5,4,19049,23,2,22,7,10
30,No,Research & Development,3,Male,1,2,2141,6,2,6,4,1
45,No,Research & Development,5,Female,2,1,5769,10,3,10,7,4
45,No,Sales,3,Male,2,1,4385,10,3,10,7,5
31,No,Sales,4,Male,2,1,5332,10,3,5,2,3
36,No,Research & Development,4,Female,2,3,4663,7,3,3,2,1
34,No,Research & Development,4,Male,2,4,4724,9,3,9,7,2
49,No,Research & Development,4,Female,1,1,3211,10,2,9,6,4
39,No,Research & Development,5,Male,2,1,5377,10,3,7,7,7
27,No,Research & Development,3,Male,1,1,4066,7,3,7,7,7
35,No,Research & Development,5,Male,2,1,5208,16,3,16,15,10
28,No,Research & Development,3,Female,2,1,4877,6,2,5,3,0
21,No,Research & Development,1,Male,1,4,3117,3,3,2,2,2
18,Yes,Sales,2,Female,1,4,1569,0,4,0,0,0
47,No,Human Resources,4,Female,5,3,19658,27,3,5,2,0
39,No,Research & Development,2,Male,2,3,3069,11,3,10,8,7
40,No,Research & Development,3,Female,3,3,10435,18,3,18,15,12
35,No,Research & Development,4,Female,2,3,4148,15,3,14,11,9
37,No,Research & Development,3,Male,2,3,5768,9,2,4,3,2
39,No,Research & Development,3,Female,2,3,5042,10,1,9,2,8
45,No,Research & Development,2,Female,2,4,5770,10,3,10,7,9
38,No,Research & Development,2,Female,3,3,7756,10,4,5,4,2
35,Yes,Sales,3,Male,3,1,10306,15,3,13,12,0
37,No,Research & Development,3,Female,1,2,3936,8,1,8,4,7
40,No,Research & Development,3,Female,3,4,7945,18,2,4,2,3
44,No,Human Resources,5,Male,2,4,5743,14,3,10,7,2
48,No,Research & Development,5,Male,4,4,15202,23,3,2,2,2
35,Yes,Sales,2,Male,2,4,5440,7,2,2,2,2
24,No,Research & Development,1,Female,1,4,3760,6,3,6,3,3
27,No,Research & Development,3,Female,1,3,3517,5,3,3,2,2
27,No,Research & Development,3,Male,1,4,2580,6,2,4,2,2
40,Yes,Research & Development,3,Male,1,1,2166,10,1,4,2,3
29,No,Sales,3,Male,2,3,5869,8,3,5,2,4
36,No,Research & Development,4,Female,3,1,8008,9,3,3,2,2
25,No,Research & Development,1,Male,2,3,5206,7,3,7,7,7
39,No,Research & Development,3,Male,2,2,5295,7,3,5,4,0
49,No,Research & Development,4,Female,4,2,16413,27,3,4,2,2
50,No,Research & Development,5,Female,3,1,13269,19,3,14,11,11
20,No,Sales,3,Female,1,3,2783,2,3,2,2,2
34,No,Research & Development,3,Female,2,2,5433,11,3,11,8,9
36,No,Research & Development,3,Male,1,2,2013,15,3,4,3,3
49,No,Research & Development,1,Female,4,3,13966,30,3,15,11,12
36,No,Research & Development,4,Female,2,3,4374,4,3,3,2,2
36,No,Research & Development,2,Male,2,1,6842,13,3,5,4,4
54,No,Research & Development,5,Female,4,3,17426,36,3,10,8,7
43,No,Research & Development,2,Male,4,3,17603,14,3,14,10,11
35,Yes,Sales,4,Male,2,4,4581,13,4,11,9,7
38,No,Research & Development,3,Male,2,4,4735,19,4,13,11,9
29,No,Sales,3,Male,2,2,4187,10,2,10,0,9
33,No,Sales,4,Male,2,4,5505,6,3,6,2,4
32,No,Research & Development,3,Male,2,2,5470,10,2,9,5,6
31,No,Sales,4,Female,2,4,5476,10,3,10,0,2
49,No,Research & Development,3,Female,1,1,2587,17,2,2,2,2
38,No,Research & Development,3,Female,1,2,2440,4,3,4,3,3
47,No,Sales,4,Female,4,2,15972,29,3,3,2,2
49,No,Research & Development,3,Male,4,3,15379,23,3,8,7,0
41,No,Sales,2,Male,3,3,7082,21,3,2,0,2
20,No,Sales,1,Male,1,1,2728,2,3,2,2,2
33,No,Sales,3,Female,2,4,5368,7,3,6,5,2
36,No,Research & Development,4,Male,2,3,5347,10,2,3,2,2
44,No,Human Resources,3,Female,1,4,3195,8,3,2,2,2
23,Yes,Research & Development,1,Male,1,3,3989,5,3,5,4,2
38,No,Research & Development,2,Female,1,3,3306,7,2,0,0,0
53,No,Research & Development,4,Male,3,4,7005,11,3,4,3,2
48,Yes,Sales,2,Female,1,3,2655,19,3,9,7,7
32,Yes,Research & Development,4,Male,1,2,1393,1,3,1,0,0
26,No,Research & Development,3,Male,1,4,2570,7,3,7,7,7
55,No,Research & Development,3,Male,1,2,3537,8,3,4,2,2
34,No,Research & Development,2,Male,2,4,3986,15,4,15,10,13
60,No,Research & Development,4,Male,3,4,10883,19,4,1,0,0
33,No,Research & Development,3,Male,1,2,2028,14,3,14,11,13
37,No,Sales,4,Male,2,4,9525,6,2,6,3,3
34,No,Research & Development,3,Female,1,4,2929,10,3,10,9,7
23,Yes,Sales,3,Male,1,4,2275,3,3,3,2,2
44,No,Research & Development,3,Female,3,4,7879,9,3,8,7,7
35,No,Research & Development,4,Male,1,4,4930,6,4,5,4,4
43,No,Sales,3,Male,2,4,7847,10,3,10,9,8
24,No,Research & Development,3,Male,1,3,4401,5,3,5,3,4
41,No,Sales,3,Male,3,3,9241,10,3,10,8,7
29,No,Research & Development,4,Female,1,3,2974,9,3,5,3,2
36,No,Sales,4,Female,2,4,4502,17,2,13,7,7
45,No,Research & Development,1,Male,3,3,10748,25,2,23,15,4
24,Yes,Human Resources,1,Male,1,3,1555,1,3,1,0,0
47,Yes,Sales,3,Male,4,3,12936,25,1,23,5,10
26,No,Research & Development,4,Male,1,3,2305,3,4,3,2,2
45,No,Research & Development,2,Female,4,2,16704,21,3,21,6,6
32,No,Research & Development,3,Male,1,3,3433,10,2,5,2,3
31,No,Research & Development,4,Male,1,3,3477,6,4,5,2,3
41,No,Human Resources,3,Male,2,2,6430,10,3,3,2,2
40,No,Research & Development,2,Female,2,1,6516,18,3,1,0,0
24,No,Research & Development,1,Male,1,1,3907,6,4,6,2,2
46,No,Research & Development,4,Male,2,2,5562,19,3,10,7,9
35,No,Research & Development,4,Male,2,3,6883,17,3,7,7,7
30,No,Research & Development,1,Male,1,4,2862,10,2,10,0,8
47,No,Sales,4,Male,2,2,4978,4,1,1,0,0
46,No,Sales,3,Male,3,4,10368,13,2,10,6,3
36,Yes,Sales,5,Male,2,1,6134,16,3,2,2,2
32,Yes,Sales,2,Male,2,2,6735,10,3,0,0,0
23,No,Research & Development,1,Female,1,2,3295,3,1,3,2,2
31,No,Research & Development,1,Female,2,4,5238,9,2,5,4,4
39,No,Research & Development,3,Male,2,4,6472,9,3,9,8,8
32,No,Sales,3,Male,3,3,9610,10,1,4,3,2
40,No,Sales,4,Male,5,2,19833,21,2,21,8,8
45,No,Human Resources,3,Female,3,3,9756,9,4,5,0,3
30,No,Research & Development,4,Female,1,1,4968,10,3,9,7,7
24,No,Human Resources,3,Male,1,4,2145,3,3,2,2,1
30,Yes,Human Resources,3,Female,1,4,2180,6,2,4,2,2
31,No,Sales,3,Male,2,3,8346,6,3,5,2,2
27,No,Research & Development,3,Female,1,4,3445,6,2,6,2,4
29,Yes,Sales,3,Female,1,2,2760,2,3,2,2,2
29,No,Research & Development,3,Male,2,3,6294,10,4,3,2,2
30,No,Sales,2,Male,3,1,7140,12,3,7,7,7
34,No,Research & Development,4,Male,1,4,2932,6,3,5,0,2
33,No,Sales,3,Female,2,2,5147,13,2,11,7,7
49,No,Sales,4,Female,2,4,4507,8,4,5,1,4
33,Yes,Sales,3,Female,3,1,8564,11,2,0,0,0
38,No,Research & Development,2,Female,1,2,2468,9,2,6,1,5
31,Yes,Sales,4,Male,3,3,8161,10,3,1,0,0
29,No,Research & Development,3,Female,1,1,2109,1,3,1,0,0
30,No,Research & Development,3,Male,2,3,5294,10,3,7,0,7
32,No,Research & Development,4,Male,1,2,2718,12,3,7,7,7
38,No,Research & Development,3,Male,2,4,5811,15,3,1,0,0
43,Yes,Research & Development,3,Male,1,3,2437,6,3,1,0,0
42,No,Research & Development,3,Male,1,2,2766,7,2,5,3,4
55,No,Research & Development,3,Male,5,1,19038,34,3,1,0,0
33,No,Research & Development,3,Male,2,2,3055,11,2,9,8,7
41,No,Research & Development,4,Male,1,1,2289,5,3,5,3,4
34,No,Sales,3,Male,2,3,4001,15,3,15,14,7
53,No,Research & Development,4,Female,4,3,12965,27,2,3,2,2
43,No,Human Resources,3,Male,1,4,3539,10,3,9,7,8
34,No,Sales,2,Female,2,4,6029,6,3,2,2,2
21,Yes,Sales,1,Male,1,2,2679,1,3,1,0,0
38,No,Research & Development,2,Female,1,3,3702,5,3,5,4,4
22,Yes,Research & Development,1,Female,1,1,2398,1,3,1,0,0
31,No,Sales,4,Female,2,4,5468,13,3,12,7,7
51,No,Research & Development,3,Female,3,3,13116,15,3,2,2,2
37,No,Sales,2,Male,2,2,4189,5,3,5,2,3
46,No,Research & Development,4,Male,5,4,19328,24,3,2,1,2
36,No,Research & Development,3,Male,3,1,8321,15,3,12,8,7
44,Yes,Research & Development,2,Male,1,2,2342,6,2,5,3,3
37,No,Human Resources,2,Male,2,2,4071,19,2,10,0,7
35,Yes,Sales,3,Male,2,4,5813,10,3,10,7,7
33,No,Research & Development,4,Male,1,1,3143,14,3,10,8,6
28,No,Research & Development,3,Male,1,4,2044,5,4,5,3,3
39,No,Research & Development,1,Male,3,3,13464,9,3,4,3,2
46,No,Sales,2,Male,2,2,7991,6,3,2,2,2
40,No,Research & Development,2,Female,1,1,3377,7,2,4,3,2
42,No,Research & Development,3,Male,2,1,5538,10,2,0,0,0
35,No,Research & Development,2,Male,2,4,5762,15,3,7,7,7
38,No,Human Resources,3,Male,1,2,2592,13,3,11,10,8
34,Yes,Research & Development,4,Male,2,1,5346,11,2,7,1,7
37,Yes,Research & Development,4,Male,2,1,4213,10,1,10,3,8
39,No,Sales,3,Male,2,4,4127,7,3,2,1,2
43,No,Research & Development,3,Male,1,3,2438,7,2,3,2,2
41,No,Research & Development,3,Male,2,2,6870,11,1,3,2,2
41,No,Sales,1,Female,3,3,10447,23,4,22,14,5
30,No,Research & Development,3,Female,3,3,9667,9,3,7,7,2
26,Yes,Human Resources,2,Female,1,2,2148,6,3,5,1,4
46,Yes,Research & Development,2,Female,2,2,8926,13,4,9,7,7
40,No,Research & Development,3,Female,2,4,6513,12,3,5,3,3
34,No,Sales,2,Male,2,3,6799,10,3,10,8,8
58,No,Sales,3,Male,4,2,16291,37,2,16,9,14
35,No,Research & Development,4,Male,1,3,2705,6,4,5,4,3
47,No,Research & Development,3,Female,3,2,10333,28,3,22,11,10
40,No,Research & Development,3,Female,2,1,4448,15,3,7,4,7
54,No,Research & Development,4,Female,2,4,6854,14,2,7,1,7
31,No,Sales,4,Female,3,1,9637,9,3,3,2,2
28,No,Research & Development,3,Female,1,1,3591,3,3,3,2,2
38,No,Sales,4,Female,2,4,5405,20,2,4,2,3
26,No,Sales,3,Male,2,4,4684,5,3,5,3,2
58,No,Research & Development,4,Male,4,3,15787,23,3,2,2,2
18,No,Research & Development,3,Female,1,3,1514,0,1,0,0,0
31,Yes,Human Resources,5,Male,1,1,2956,2,3,1,0,0
29,Yes,Human Resources,3,Male,1,1,2335,4,3,2,2,0
45,No,Sales,4,Female,2,3,5154,10,4,8,7,7
36,No,Research & Development,4,Female,2,2,6962,15,3,1,0,0
43,No,Sales,4,Male,2,4,5675,7,3,7,7,7
27,No,Research & Development,2,Female,1,4,2379,6,2,5,4,2
29,No,Research & Development,1,Male,1,4,3812,11,4,11,8,10
32,No,Sales,4,Male,2,4,4648,4,4,0,0,0
42,No,Research & Development,4,Male,1,3,2936,10,2,6,3,3
47,No,Research & Development,4,Female,1,3,2105,7,3,2,2,0
46,No,Research & Development,2,Male,3,4,8578,12,2,9,8,7
28,No,Human Resources,2,Male,1,4,2706,3,3,3,2,2
29,No,Research & Development,1,Male,2,3,6384,11,3,7,0,6
42,No,Research & Development,3,Male,1,3,3968,8,3,0,0,0
32,Yes,Sales,4,Male,2,2,9907,7,2,2,2,2
46,No,Sales,3,Female,4,1,13225,25,3,19,17,8
27,No,Sales,1,Female,2,3,3540,9,3,9,8,8
29,No,Human Resources,1,Male,1,2,2804,1,3,1,0,0
43,No,Research & Development,3,Female,5,3,19392,21,3,16,12,14
48,No,Research & Development,3,Male,5,2,19665,29,3,22,10,9
29,Yes,Research & Development,2,Male,1,4,2439,1,2,1,0,0
46,Yes,Sales,3,Female,3,2,7314,14,3,8,7,7
27,No,Research & Development,3,Female,1,1,4774,8,2,7,6,3
39,No,Research & Development,4,Male,2,4,3902,7,3,2,2,2
55,No,Research & Development,4,Male,1,4,2662,19,4,5,2,4
28,No,Sales,3,Female,1,2,2856,1,3,1,0,0
30,Yes,Sales,3,Male,1,4,1081,1,2,1,0,0
22,Yes,Research & Development,1,Male,1,2,2472,1,3,1,0,0
36,No,Sales,4,Female,2,3,5673,10,3,10,9,7
31,No,Research & Development,3,Male,2,3,4197,10,3,10,8,2
34,No,Sales,3,Male,3,4,9713,9,3,5,3,0
29,No,Research & Development,3,Male,1,1,2062,11,3,3,2,2
37,No,Research & Development,4,Male,2,1,4284,16,3,5,3,4
35,No,Research & Development,2,Female,2,2,4788,4,3,3,2,2
45,No,Research & Development,2,Female,2,4,5906,10,2,9,8,8
36,No,Human Resources,1,Male,2,4,3886,10,2,10,1,8
40,No,Research & Development,4,Male,4,1,16823,22,3,19,7,16
26,No,Research & Development,2,Female,1,3,2933,1,2,1,0,0
27,No,Sales,2,Female,2,3,6500,9,2,8,7,7
48,No,Research & Development,3,Female,4,4,17174,24,3,22,17,7
44,No,Research & Development,4,Male,2,1,5033,10,3,2,0,2
34,Yes,Research & Development,4,Male,1,1,2307,5,3,5,2,0
56,Yes,Research & Development,2,Male,1,4,2587,5,3,4,2,0
36,No,Sales,2,Male,2,2,5507,12,1,4,2,3
41,No,Sales,3,Female,2,2,4393,14,3,5,4,4
42,No,Research & Development,3,Male,3,1,13348,18,4,13,7,7
31,No,Sales,2,Female,2,4,6583,8,3,5,2,4
34,No,Sales,1,Female,2,4,8103,9,2,4,2,1
31,No,Research & Development,3,Female,1,3,3978,4,2,2,2,2
26,No,Research & Development,3,Male,1,4,2544,8,3,7,7,7
45,No,Research & Development,4,Male,2,3,5399,12,3,4,2,3
33,No,Sales,4,Male,2,3,5487,10,2,10,4,9
28,No,Sales,2,Male,2,4,6834,7,3,7,7,7
29,Yes,Sales,3,Male,1,1,1091,1,3,1,0,0
39,No,Sales,4,Female,2,3,5736,10,3,3,2,2
27,No,Research & Development,4,Male,1,2,2226,6,2,5,3,2
34,No,Research & Development,4,Male,2,4,5747,16,3,15,10,11
28,Yes,Sales,2,Female,2,3,9854,6,3,2,0,2
47,No,Research & Development,4,Male,2,2,5467,16,4,8,7,7
56,No,Sales,5,Female,2,1,5380,6,3,0,0,0
39,No,Research & Development,2,Male,2,1,5151,10,3,10,0,9
38,No,Research & Development,3,Female,2,2,2133,20,3,20,11,7
58,No,Sales,3,Female,4,4,17875,29,2,1,0,0
32,Yes,Research & Development,2,Female,1,3,2432,8,3,4,1,3
38,No,Research & Development,2,Male,1,4,4771,10,4,5,2,3
49,No,Research & Development,1,Male,5,4,19161,28,3,5,4,3
42,No,Sales,4,Male,2,4,5087,14,3,0,0,0
27,Yes,Human Resources,3,Female,1,2,2863,1,3,1,0,0
35,No,Sales,4,Male,2,1,5561,6,1,5,3,4
28,No,Research & Development,3,Male,1,3,2144,5,2,5,3,4
31,No,Research & Development,2,Male,1,1,3065,4,4,4,2,3
36,No,Research & Development,4,Male,1,2,2810,5,3,5,4,2
34,No,Sales,3,Male,3,4,9888,14,2,14,8,1
34,No,Sales,4,Male,3,3,8628,9,2,8,7,1
26,No,Research & Development,3,Male,1,1,2867,8,2,7,7,6
29,No,Research & Development,3,Male,2,1,5373,6,2,5,3,2
32,No,Research & Development,4,Female,2,4,6667,9,3,5,1,2
31,No,Research & Development,3,Male,2,1,5003,10,3,10,8,7
28,Yes,Research & Development,3,Male,1,4,2367,6,2,4,1,3
38,No,Sales,3,Male,1,1,2858,20,2,1,0,0
35,No,Sales,4,Female,2,4,5204,10,3,10,8,9
27,No,Sales,3,Male,2,4,4105,7,3,7,7,7
32,No,Research & Development,4,Male,2,4,9679,8,3,1,0,0
31,Yes,Sales,4,Male,2,4,5617,10,3,10,7,8
53,Yes,Sales,4,Male,3,1,10448,15,2,2,2,2
54,No,Research & Development,2,Female,2,3,2897,9,2,4,3,3
33,No,Research & Development,2,Male,2,3,5968,9,3,9,7,8
43,No,Research & Development,3,Male,3,3,7510,10,3,10,9,9
38,No,Human Resources,4,Male,1,2,2991,7,3,6,2,2
55,No,Human Resources,4,Male,5,2,19636,35,3,10,9,4
31,No,Research & Development,1,Female,1,4,1129,1,3,1,0,0
39,No,Sales,4,Male,4,1,13341,21,3,20,8,10
42,No,Research & Development,2,Male,2,3,4332,20,3,20,9,7
31,No,Research & Development,3,Female,3,3,11031,13,4,11,7,8
54,No,Research & Development,3,Female,2,1,4440,9,3,5,2,4
24,No,Research & Development,2,Male,2,3,4617,4,2,4,3,2
23,No,Research & Development,2,Male,1,4,2647,5,4,5,2,4
40,No,Research & Development,3,Female,2,3,6323,10,4,10,9,4
40,No,Sales,2,Female,2,2,5677,15,3,11,8,10
25,No,Human Resources,3,Female,1,2,2187,6,3,2,0,2
30,No,Research & Development,2,Male,1,2,3748,12,2,12,8,7
25,No,Research & Development,1,Male,1,3,3977,7,2,2,2,2
47,No,Research & Development,3,Male,3,3,8633,25,3,17,14,11
33,No,Research & Development,2,Male,1,3,2008,1,2,1,1,0
38,No,Sales,4,Male,2,2,4440,16,3,15,13,8
31,No,Sales,2,Male,1,3,3067,3,3,2,2,2
38,No,Research & Development,4,Male,2,3,5321,10,3,8,3,7
42,No,Research & Development,4,Male,2,1,5410,9,2,4,3,2
41,No,Research & Development,3,Male,1,4,2782,12,3,5,3,0
47,No,Research & Development,1,Female,3,2,11957,14,1,13,8,12
35,No,Research & Development,4,Male,1,3,2660,5,3,2,2,2
22,No,Research & Development,2,Male,1,3,3375,4,4,3,2,2
35,No,Research & Development,4,Male,2,3,5098,10,3,10,7,8
33,No,Research & Development,2,Female,2,4,4878,10,3,9,7,1
32,No,Research & Development,4,Female,1,2,2837,6,3,6,2,1
40,No,Research & Development,4,Male,1,4,2406,8,2,1,0,0
32,No,Sales,4,Male,1,2,2269,3,3,2,2,2
39,No,Research & Development,1,Male,2,4,4108,18,3,7,7,7
38,No,Research & Development,3,Female,3,3,13206,20,3,18,16,11
32,No,Sales,4,Female,3,4,10422,14,3,14,10,7
37,No,Research & Development,3,Female,3,4,13744,16,3,16,11,8
25,No,Sales,2,Female,2,3,4907,6,2,5,3,4
52,No,Sales,4,Male,1,4,3482,16,2,9,8,0
44,No,Research & Development,3,Male,1,4,2436,6,3,4,3,2
21,No,Sales,1,Male,1,1,2380,2,3,2,2,2
39,No,Research & Development,3,Male,5,4,19431,21,2,6,0,3
23,Yes,Sales,3,Male,1,1,1790,1,2,1,0,0
36,No,Sales,3,Female,3,4,7644,10,3,9,7,4
36,No,Research & Development,2,Female,2,2,5131,18,3,4,2,2
56,No,Research & Development,4,Male,2,3,6306,13,2,13,12,9
29,Yes,Research & Development,4,Male,1,4,4787,4,4,2,2,2
42,No,Research & Development,3,Male,5,3,18880,24,2,22,6,14
56,Yes,Research & Development,2,Male,1,3,2339,14,1,10,9,8
41,No,Research & Development,4,Female,4,2,13570,21,3,20,7,10
34,No,Sales,3,Female,2,3,6712,8,3,8,7,7
36,No,Sales,4,Male,2,4,5406,15,2,15,12,11
41,No,Sales,3,Male,2,2,8938,14,3,5,4,4
32,No,Research & Development,3,Male,1,1,2439,4,3,4,2,2
35,No,Human Resources,4,Female,3,4,8837,9,3,9,0,7
38,No,Sales,2,Female,2,4,5343,10,3,10,7,9
50,Yes,Sales,4,Male,2,3,6728,12,3,6,3,1
36,No,Sales,4,Female,2,4,6652,8,2,6,3,0
45,No,Sales,3,Female,2,3,4850,8,3,5,3,1
40,No,Research & Development,4,Male,1,3,2809,8,3,2,2,2
35,No,Research & Development,4,Male,2,3,5689,10,4,10,2,2
40,No,Research & Development,4,Female,1,3,2001,20,3,5,3,2
35,No,Research & Development,4,Female,1,4,2977,4,3,4,3,1
29,No,Research & Development,2,Male,2,2,4025,10,3,4,3,3
29,No,Research & Development,4,Female,1,1,3785,5,1,5,4,4
50,Yes,Sales,3,Male,3,1,10854,20,3,3,2,0
39,No,Sales,1,Female,4,4,12031,21,2,20,9,6
31,No,Research & Development,3,Male,2,1,9936,10,3,9,4,7
26,No,Sales,3,Female,1,3,2966,5,3,4,2,0
36,No,Research & Development,2,Male,2,4,2571,17,3,5,2,3
39,No,Research & Development,1,Male,3,1,9991,9,3,7,7,7
27,No,Research & Development,3,Male,2,2,6142,6,3,6,2,3
49,No,Sales,3,Male,2,2,5390,17,2,9,6,8
34,No,Research & Development,3,Male,2,3,4404,6,4,4,3,2
